-- MySQL dump 10.9
--
-- Host: localhost    Database: clubs
-- ------------------------------------------------------
-- Server version	4.1.22-log

/*!40101 SET @OLD_CHARACTER_SET_CLIENT=@@CHARACTER_SET_CLIENT */;
/*!40101 SET @OLD_CHARACTER_SET_RESULTS=@@CHARACTER_SET_RESULTS */;
/*!40101 SET @OLD_COLLATION_CONNECTION=@@COLLATION_CONNECTION */;
/*!40101 SET NAMES utf8 */;
/*!40014 SET @OLD_UNIQUE_CHECKS=@@UNIQUE_CHECKS, UNIQUE_CHECKS=0 */;
/*!40014 SET @OLD_FOREIGN_KEY_CHECKS=@@FOREIGN_KEY_CHECKS, FOREIGN_KEY_CHECKS=0 */;
/*!40101 SET @OLD_SQL_MODE=@@SQL_MODE, SQL_MODE='NO_AUTO_VALUE_ON_ZERO' */;
/*!40111 SET @OLD_SQL_NOTES=@@SQL_NOTES, SQL_NOTES=0 */;

--
-- Table structure for table `auth_group`
--

DROP TABLE IF EXISTS `auth_group`;
CREATE TABLE `auth_group` (
  `id` int(11) NOT NULL auto_increment,
  `name` varchar(80) NOT NULL default '',
  PRIMARY KEY  (`id`),
  UNIQUE KEY `name` (`name`)
) ENGINE=MyISAM DEFAULT CHARSET=latin1;

--
-- Dumping data for table `auth_group`
--

LOCK TABLES `auth_group` WRITE;
/*!40000 ALTER TABLE `auth_group` DISABLE KEYS */;
/*!40000 ALTER TABLE `auth_group` ENABLE KEYS */;
UNLOCK TABLES;

--
-- Table structure for table `auth_group_permissions`
--

DROP TABLE IF EXISTS `auth_group_permissions`;
CREATE TABLE `auth_group_permissions` (
  `id` int(11) NOT NULL auto_increment,
  `group_id` int(11) NOT NULL default '0',
  `permission_id` int(11) NOT NULL default '0',
  PRIMARY KEY  (`id`),
  UNIQUE KEY `group_id` (`group_id`,`permission_id`),
  KEY `permission_id_refs_id_a7792de1` (`permission_id`)
) ENGINE=MyISAM DEFAULT CHARSET=latin1;

--
-- Dumping data for table `auth_group_permissions`
--

LOCK TABLES `auth_group_permissions` WRITE;
/*!40000 ALTER TABLE `auth_group_permissions` DISABLE KEYS */;
/*!40000 ALTER TABLE `auth_group_permissions` ENABLE KEYS */;
UNLOCK TABLES;

--
-- Table structure for table `auth_message`
--

DROP TABLE IF EXISTS `auth_message`;
CREATE TABLE `auth_message` (
  `id` int(11) NOT NULL auto_increment,
  `user_id` int(11) NOT NULL default '0',
  `message` longtext NOT NULL,
  PRIMARY KEY  (`id`),
  KEY `auth_message_user_id` (`user_id`)
) ENGINE=MyISAM AUTO_INCREMENT=107 DEFAULT CHARSET=latin1;

--
-- Dumping data for table `auth_message`
--

LOCK TABLES `auth_message` WRITE;
/*!40000 ALTER TABLE `auth_message` DISABLE KEYS */;
/*!40000 ALTER TABLE `auth_message` ENABLE KEYS */;
UNLOCK TABLES;

--
-- Table structure for table `auth_permission`
--

DROP TABLE IF EXISTS `auth_permission`;
CREATE TABLE `auth_permission` (
  `id` int(11) NOT NULL auto_increment,
  `name` varchar(50) NOT NULL default '',
  `content_type_id` int(11) NOT NULL default '0',
  `codename` varchar(100) NOT NULL default '',
  PRIMARY KEY  (`id`),
  UNIQUE KEY `content_type_id` (`content_type_id`,`codename`),
  KEY `auth_permission_content_type_id` (`content_type_id`)
) ENGINE=MyISAM AUTO_INCREMENT=55 DEFAULT CHARSET=latin1;

--
-- Dumping data for table `auth_permission`
--

LOCK TABLES `auth_permission` WRITE;
/*!40000 ALTER TABLE `auth_permission` DISABLE KEYS */;
INSERT INTO `auth_permission` VALUES (1,'Can add permission',1,'add_permission'),(2,'Can change permission',1,'change_permission'),(3,'Can delete permission',1,'delete_permission'),(4,'Can add group',2,'add_group'),(5,'Can change group',2,'change_group'),(6,'Can delete group',2,'delete_group'),(7,'Can add user',3,'add_user'),(8,'Can change user',3,'change_user'),(9,'Can delete user',3,'delete_user'),(10,'Can add message',4,'add_message'),(11,'Can change message',4,'change_message'),(12,'Can delete message',4,'delete_message'),(13,'Can add content type',5,'add_contenttype'),(14,'Can change content type',5,'change_contenttype'),(15,'Can delete content type',5,'delete_contenttype'),(16,'Can add session',6,'add_session'),(17,'Can change session',6,'change_session'),(18,'Can delete session',6,'delete_session'),(19,'Can add site',7,'add_site'),(20,'Can change site',7,'change_site'),(21,'Can delete site',7,'delete_site'),(22,'Can add log entry',8,'add_logentry'),(23,'Can change log entry',8,'change_logentry'),(24,'Can delete log entry',8,'delete_logentry'),(25,'Can add state',9,'add_state'),(26,'Can change state',9,'change_state'),(27,'Can delete state',9,'delete_state'),(28,'Can add city',10,'add_city'),(29,'Can change city',10,'change_city'),(30,'Can delete city',10,'delete_city'),(31,'Can add club',11,'add_club'),(32,'Can change club',11,'change_club'),(33,'Can delete club',11,'delete_club'),(34,'Can add flat page',12,'add_flatpage'),(35,'Can change flat page',12,'change_flatpage'),(36,'Can delete flat page',12,'delete_flatpage'),(43,'Can add page',15,'add_page'),(44,'Can change page',15,'change_page'),(45,'Can delete page',15,'delete_page'),(46,'Can add tradelink',16,'add_tradelink'),(47,'Can change tradelink',16,'change_tradelink'),(48,'Can delete tradelink',16,'delete_tradelink'),(49,'Can add photo',17,'add_photo'),(50,'Can change photo',17,'change_photo'),(51,'Can delete photo',17,'delete_photo'),(52,'Can add migration history',18,'add_migrationhistory'),(53,'Can change migration history',18,'change_migrationhistory'),(54,'Can delete migration history',18,'delete_migrationhistory');
/*!40000 ALTER TABLE `auth_permission` ENABLE KEYS */;
UNLOCK TABLES;

--
-- Table structure for table `auth_user`
--

DROP TABLE IF EXISTS `auth_user`;
CREATE TABLE `auth_user` (
  `id` int(11) NOT NULL auto_increment,
  `username` varchar(30) NOT NULL default '',
  `first_name` varchar(30) NOT NULL default '',
  `last_name` varchar(30) NOT NULL default '',
  `email` varchar(75) NOT NULL default '',
  `password` varchar(128) NOT NULL default '',
  `is_staff` tinyint(1) NOT NULL default '0',
  `is_active` tinyint(1) NOT NULL default '0',
  `is_superuser` tinyint(1) NOT NULL default '0',
  `last_login` datetime NOT NULL default '0000-00-00 00:00:00',
  `date_joined` datetime NOT NULL default '0000-00-00 00:00:00',
  PRIMARY KEY  (`id`),
  UNIQUE KEY `username` (`username`)
) ENGINE=MyISAM AUTO_INCREMENT=2 DEFAULT CHARSET=latin1;

--
-- Dumping data for table `auth_user`
--

LOCK TABLES `auth_user` WRITE;
/*!40000 ALTER TABLE `auth_user` DISABLE KEYS */;
INSERT INTO `auth_user` VALUES (1,'samlowry','','','samlowry@e-baka.net','sha1$02eea$fc2b1c6c40a7332026a1e1476f812eb986a38670',1,1,1,'2010-01-26 22:47:48','2009-12-09 08:09:48');
/*!40000 ALTER TABLE `auth_user` ENABLE KEYS */;
UNLOCK TABLES;

--
-- Table structure for table `auth_user_groups`
--

DROP TABLE IF EXISTS `auth_user_groups`;
CREATE TABLE `auth_user_groups` (
  `id` int(11) NOT NULL auto_increment,
  `user_id` int(11) NOT NULL default '0',
  `group_id` int(11) NOT NULL default '0',
  PRIMARY KEY  (`id`),
  UNIQUE KEY `user_id` (`user_id`,`group_id`),
  KEY `group_id_refs_id_f0ee9890` (`group_id`)
) ENGINE=MyISAM DEFAULT CHARSET=latin1;

--
-- Dumping data for table `auth_user_groups`
--

LOCK TABLES `auth_user_groups` WRITE;
/*!40000 ALTER TABLE `auth_user_groups` DISABLE KEYS */;
/*!40000 ALTER TABLE `auth_user_groups` ENABLE KEYS */;
UNLOCK TABLES;

--
-- Table structure for table `auth_user_user_permissions`
--

DROP TABLE IF EXISTS `auth_user_user_permissions`;
CREATE TABLE `auth_user_user_permissions` (
  `id` int(11) NOT NULL auto_increment,
  `user_id` int(11) NOT NULL default '0',
  `permission_id` int(11) NOT NULL default '0',
  PRIMARY KEY  (`id`),
  UNIQUE KEY `user_id` (`user_id`,`permission_id`),
  KEY `permission_id_refs_id_67e79cb` (`permission_id`)
) ENGINE=MyISAM DEFAULT CHARSET=latin1;

--
-- Dumping data for table `auth_user_user_permissions`
--

LOCK TABLES `auth_user_user_permissions` WRITE;
/*!40000 ALTER TABLE `auth_user_user_permissions` DISABLE KEYS */;
/*!40000 ALTER TABLE `auth_user_user_permissions` ENABLE KEYS */;
UNLOCK TABLES;

--
-- Table structure for table `directory_city`
--

DROP TABLE IF EXISTS `directory_city`;
CREATE TABLE `directory_city` (
  `id` int(11) NOT NULL auto_increment,
  `name` varchar(50) NOT NULL default '',
  `state_id` int(11) NOT NULL default '0',
  PRIMARY KEY  (`id`),
  KEY `directory_city_state_id` (`state_id`)
) ENGINE=MyISAM AUTO_INCREMENT=774 DEFAULT CHARSET=latin1;

--
-- Dumping data for table `directory_city`
--

LOCK TABLES `directory_city` WRITE;
/*!40000 ALTER TABLE `directory_city` DISABLE KEYS */;
INSERT INTO `directory_city` VALUES (1,'Birmingham city',1),(2,'Decatur city',1),(3,'Dothan city',1),(4,'Hoover city',1),(5,'Huntsville city',1),(6,'Mobile city',1),(7,'Montgomery city',1),(8,'Tuscaloosa city',1),(9,'Anchorage municipality',2),(10,'Casas Adobes CDP',4),(11,'Catalina Foothills CDP',4),(12,'Chandler city',4),(13,'Flagstaff city',4),(14,'Gilbert town',4),(15,'Glendale city',4),(16,'Mesa city',4),(17,'Peoria city',4),(18,'Phoenix city',4),(19,'Scottsdale city',4),(20,'Tempe city',4),(21,'Tucson city',4),(22,'Yuma city',4),(23,'Fayetteville city',5),(24,'Fort Smith city',5),(25,'Jonesboro city',5),(26,'Little Rock city',5),(27,'North Little Rock city',5),(28,'Pine Bluff city',5),(29,'Alameda city',6),(30,'Alhambra city',6),(31,'Anaheim city',6),(32,'Antioch city',6),(33,'Apple Valley town',6),(34,'Arcadia city',6),(35,'Arden-Arcade CDP',6),(36,'Bakersfield city',6),(37,'Baldwin Park city',6),(38,'Bellflower city',6),(39,'Berkeley city',6),(40,'Buena Park city',6),(41,'Burbank city',6),(42,'Camarillo city',6),(43,'Carlsbad city',6),(44,'Carson city',6),(45,'Castro Valley CDP',6),(46,'Cerritos city',6),(47,'Chico city',6),(48,'Chino Hills city',6),(49,'Chino city',6),(50,'Chula Vista city',6),(51,'Citrus Heights city',6),(52,'Clovis city',6),(53,'Compton city',6),(54,'Concord city',6),(55,'Corona city',6),(56,'Costa Mesa city',6),(57,'Cupertino city',6),(58,'Daly City city',6),(59,'Davis city',6),(60,'Diamond Bar city',6),(61,'Downey city',6),(62,'East Los Angeles CDP',6),(63,'El Cajon city',6),(64,'El Monte city',6),(65,'Elk Grove CDP',6),(66,'Encinitas city',6),(67,'Escondido city',6),(68,'Fairfield city',6),(69,'Florence-Graham CDP',6),(70,'Folsom city',6),(71,'Fontana city',6),(72,'Fountain Valley city',6),(73,'Fremont city',6),(74,'Fresno city',6),(75,'Fullerton city',6),(76,'Garden Grove city',6),(77,'Gardena city',6),(78,'Glendale city',6),(79,'Goleta CDP',6),(80,'Hacienda Heights CDP',6),(81,'Hawthorne city',6),(82,'Hayward city',6),(83,'Hemet city',6),(84,'Hesperia city',6),(85,'Huntington Beach city',6),(86,'Huntington Park city',6),(87,'Inglewood city',6),(88,'Irvine city',6),(89,'La Habra city',6),(90,'La Mesa city',6),(91,'Laguna Niguel city',6),(92,'Lake Forest city',6),(93,'Lakewood city',6),(94,'Lancaster city',6),(95,'Livermore city',6),(96,'Lodi city',6),(97,'Long Beach city',6),(98,'Los Angeles city',6),(99,'Lynwood city',6),(100,'Merced city',6),(101,'Milpitas city',6),(102,'Mission Viejo city',6),(103,'Modesto city',6),(104,'Montebello city',6),(105,'Monterey Park city',6),(106,'Moreno Valley city',6),(107,'Mountain View city',6),(108,'Napa city',6),(109,'National City city',6),(110,'Newport Beach city',6),(111,'Norwalk city',6),(112,'Oakland city',6),(113,'Oceanside city',6),(114,'Ontario city',6),(115,'Orange city',6),(116,'Oxnard city',6),(117,'Palmdale city',6),(118,'Palo Alto city',6),(119,'Paramount city',6),(120,'Pasadena city',6),(121,'Petaluma city',6),(122,'Pico Rivera city',6),(123,'Pittsburg city',6),(124,'Pleasanton city',6),(125,'Pomona city',6),(126,'Rancho Cordova CDP',6),(127,'Rancho Cucamonga city',6),(128,'Redding city',6),(129,'Redlands city',6),(130,'Redondo Beach city',6),(131,'Redwood City city',6),(132,'Rialto city',6),(133,'Richmond city',6),(134,'Riverside city',6),(135,'Rosemead city',6),(136,'Roseville city',6),(137,'Sacramento city',6),(138,'Salinas city',6),(139,'San Bernardino city',6),(140,'San Buenaventura (Ventura) city',6),(141,'San Diego city',6),(142,'San Francisco city',6),(143,'San Jose city',6),(144,'San Leandro city',6),(145,'San Marcos city',6),(146,'San Mateo city',6),(147,'San Rafael city',6),(148,'Santa Ana city',6),(149,'Santa Barbara city',6),(150,'Santa Clara city',6),(151,'Santa Clarita city',6),(152,'Santa Cruz city',6),(153,'Santa Maria city',6),(154,'Santa Monica city',6),(155,'Santa Rosa city',6),(156,'Santee city',6),(157,'Simi Valley city',6),(158,'South Gate city',6),(159,'South San Francisco city',6),(160,'South Whittier CDP',6),(161,'Stockton city',6),(162,'Sunnyvale city',6),(163,'Temecula city',6),(164,'Thousand Oaks city',6),(165,'Torrance city',6),(166,'Tracy city',6),(167,'Turlock city',6),(168,'Tustin city',6),(169,'Union City city',6),(170,'Upland city',6),(171,'Vacaville city',6),(172,'Vallejo city',6),(173,'Victorville city',6),(174,'Visalia city',6),(175,'Vista city',6),(176,'Walnut Creek city',6),(177,'West Covina city',6),(178,'Westminster city',6),(179,'Whittier city',6),(180,'Yorba Linda city',6),(181,'Arvada city',8),(182,'Aurora city',8),(183,'Boulder city',8),(184,'Colorado Springs city',8),(185,'Denver city',8),(186,'Fort Collins city',8),(187,'Greeley city',8),(188,'Highlands Ranch CDP',8),(189,'Lakewood city',8),(190,'Longmont city',8),(191,'Loveland city',8),(192,'Pueblo city',8),(193,'Thornton city',8),(194,'Westminster city',8),(195,'Bridgeport city',9),(196,'Bridgeport town',9),(197,'Bristol city',9),(198,'Bristol town',9),(199,'Danbury city',9),(200,'Danbury town',9),(201,'Fairfield town',9),(202,'Greenwich town',9),(203,'Hamden town',9),(204,'Hartford city',9),(205,'Hartford town',9),(206,'Manchester town',9),(207,'Meriden city',9),(208,'Meriden town',9),(209,'Milford city',9),(210,'Milford town',9),(211,'New Britain city',9),(212,'New Britain town',9),(213,'New Haven city',9),(214,'New Haven town',9),(215,'Norwalk city',9),(216,'Norwalk town',9),(217,'Stamford city',9),(218,'Stamford town',9),(219,'Waterbury city',9),(220,'Waterbury town',9),(221,'West Hartford CDP',9),(222,'West Hartford town',9),(223,'West Haven city',9),(224,'West Haven town',9),(225,'Wilmington city',10),(226,'Boca Raton city',12),(227,'Boynton Beach city',12),(228,'Brandon CDP',12),(229,'Cape Coral city',12),(230,'Carol City CDP',12),(231,'Clearwater city',12),(232,'Coral Springs city',12),(233,'Davie town',12),(234,'Daytona Beach city',12),(235,'Deerfield Beach city',12),(236,'Delray Beach city',12),(237,'Deltona city',12),(238,'Fort Lauderdale city',12),(239,'Fountainbleau CDP',12),(240,'Gainesville city',12),(241,'Hialeah city',12),(242,'Hollywood city',12),(243,'Jacksonville city',12),(244,'Kendale Lakes CDP',12),(245,'Kendall CDP',12),(246,'Lakeland city',12),(247,'Largo city',12),(248,'Lauderhill city',12),(249,'Margate city',12),(250,'Melbourne city',12),(251,'Miami Beach city',12),(252,'Miami city',12),(253,'Miramar city',12),(254,'North Miami city',12),(255,'Orlando city',12),(256,'Palm Bay city',12),(257,'Palm Harbor CDP',12),(258,'Pembroke Pines city',12),(259,'Pensacola city',12),(260,'Plantation city',12),(261,'Pompano Beach city',12),(262,'Port St. Lucie city',12),(263,'Sarasota city',12),(264,'Spring Hill CDP',12),(265,'St. Petersburg city',12),(266,'Sunrise city',12),(267,'Tallahassee city',12),(268,'Tamarac city',12),(269,'Tamiami CDP',12),(270,'Tampa city',12),(271,'Town \'n\' Country CDP',12),(272,'West Palm Beach city',12),(273,'Albany city',13),(274,'Athens-Clarke County',13),(275,'Atlanta city',13),(276,'Augusta-Richmond County',13),(277,'Columbus city',13),(278,'Macon city',13),(279,'Marietta city',13),(280,'Roswell city',13),(281,'Sandy Springs CDP',13),(282,'Savannah city',13),(283,'Honolulu CDP',15),(284,'Boise City city',16),(285,'Idaho Falls city',16),(286,'Nampa city',16),(287,'Pocatello city',16),(288,'Arlington Heights village',17),(289,'Aurora city',17),(290,'Berwyn city',17),(291,'Bloomington city',17),(292,'Bolingbrook village',17),(293,'Champaign city',17),(294,'Chicago city',17),(295,'Cicero town',17),(296,'Decatur city',17),(297,'Des Plaines city',17),(298,'Elgin city',17),(299,'Evanston city',17),(300,'Joliet city',17),(301,'Mount Prospect village',17),(302,'Naperville city',17),(303,'Oak Lawn village',17),(304,'Oak Park village',17),(305,'Orland Park village',17),(306,'Palatine village',17),(307,'Peoria city',17),(308,'Rockford city',17),(309,'Schaumburg village',17),(310,'Skokie village',17),(311,'Springfield city',17),(312,'Waukegan city',17),(313,'Wheaton city',17),(314,'Anderson city',18),(315,'Bloomington city',18),(316,'Elkhart city',18),(317,'Evansville city',18),(318,'Fort Wayne city',18),(319,'Gary city',18),(320,'Hammond city',18),(321,'Indianapolis city',18),(322,'Lafayette city',18),(323,'Muncie city',18),(324,'South Bend city',18),(325,'Terre Haute city',18),(326,'Ames city',19),(327,'Cedar Rapids city',19),(328,'Council Bluffs city',19),(329,'Davenport city',19),(330,'Des Moines city',19),(331,'Dubuque city',19),(332,'Iowa City city',19),(333,'Sioux City city',19),(334,'Waterloo city',19),(335,'Kansas City city',20),(336,'Lawrence city',20),(337,'Olathe city',20),(338,'Overland Park city',20),(339,'Topeka city',20),(340,'Wichita city',20),(341,'Lexington-Fayette',21),(342,'Louisville city',21),(343,'Owensboro city',21),(344,'Baton Rouge city',22),(345,'Bossier City city',22),(346,'Kenner city',22),(347,'Lafayette city',22),(348,'Lake Charles city',22),(349,'Metairie CDP',22),(350,'Monroe city',22),(351,'New Orleans city',22),(352,'Shreveport city',22),(353,'Portland city',23),(354,'Aspen Hill CDP',24),(355,'Baltimore city',24),(356,'Bethesda CDP',24),(357,'Bowie city',24),(358,'Columbia CDP',24),(359,'Dundalk CDP',24),(360,'Ellicott City CDP',24),(361,'Frederick city',24),(362,'Gaithersburg city',24),(363,'Germantown CDP',24),(364,'Silver Spring CDP',24),(365,'Towson CDP',24),(366,'Wheaton-Glenmont CDP',24),(367,'Boston city',25),(368,'Brockton city',25),(369,'Brookline CDP',25),(370,'Brookline town',25),(371,'Cambridge city',25),(372,'Chicopee city',25),(373,'Fall River city',25),(374,'Framingham CDP',25),(375,'Framingham town',25),(376,'Haverhill city',25),(377,'Lawrence city',25),(378,'Lowell city',25),(379,'Lynn city',25),(380,'Malden city',25),(381,'Medford city',25),(382,'New Bedford city',25),(383,'Newton city',25),(384,'Plymouth town',25),(385,'Quincy city',25),(386,'Somerville city',25),(387,'Springfield city',25),(388,'Taunton city',25),(389,'Waltham city',25),(390,'Weymouth CDP',25),(391,'Weymouth town',25),(392,'Worcester city',25),(393,'Ann Arbor city',26),(394,'Battle Creek city',26),(395,'Canton CDP',26),(396,'Canton township',26),(397,'Clinton CDP',26),(398,'Clinton township',26),(399,'Dearborn Heights city',26),(400,'Dearborn city',26),(401,'Detroit city',26),(402,'Farmington Hills city',26),(403,'Flint city',26),(404,'Grand Rapids city',26),(405,'Kalamazoo city',26),(406,'Lansing city',26),(407,'Livonia city',26),(408,'Macomb township',26),(409,'Pontiac city',26),(410,'Redford CDP',26),(411,'Redford township',26),(412,'Rochester Hills city',26),(413,'Royal Oak city',26),(414,'Saginaw city',26),(415,'Shelby CDP',26),(416,'Shelby charter township',26),(417,'Southfield city',26),(418,'St. Clair Shores city',26),(419,'Sterling Heights city',26),(420,'Taylor city',26),(421,'Troy city',26),(422,'Warren city',26),(423,'Waterford CDP',26),(424,'Waterford township',26),(425,'West Bloomfield Township CDP',26),(426,'West Bloomfield township',26),(427,'Westland city',26),(428,'Wyoming city',26),(429,'Bloomington city',27),(430,'Brooklyn Park city',27),(431,'Burnsville city',27),(432,'Coon Rapids city',27),(433,'Duluth city',27),(434,'Eagan city',27),(435,'Eden Prairie city',27),(436,'Maple Grove city',27),(437,'Minneapolis city',27),(438,'Minnetonka city',27),(439,'Plymouth city',27),(440,'Rochester city',27),(441,'St. Cloud city',27),(442,'St. Paul city',27),(443,'Biloxi city',29),(444,'Gulfport city',29),(445,'Jackson city',29),(446,'Columbia city',28),(447,'Florissant city',28),(448,'Independence city',28),(449,'Kansas City city',28),(450,'Lee\'s Summit city',28),(451,'Springfield city',28),(452,'St. Charles city',28),(453,'St. Joseph city',28),(454,'St. Louis city',28),(455,'St. Peters city',28),(456,'Billings city',30),(457,'Great Falls city',30),(458,'Missoula city',30),(459,'Lincoln city',31),(460,'Omaha city',31),(461,'Carson City',32),(462,'Henderson city',32),(463,'Las Vegas city',32),(464,'North Las Vegas city',32),(465,'Paradise CDP',32),(466,'Reno city',32),(467,'Sparks city',32),(468,'Spring Valley CDP',32),(469,'Sunrise Manor CDP',32),(470,'Manchester city',33),(471,'Nashua city',33),(472,'Bayonne city',34),(473,'Brick township',34),(474,'Camden city',34),(475,'Cherry Hill township',34),(476,'Clifton city',34),(477,'Dover township',34),(478,'East Orange city',34),(479,'Edison CDP',34),(480,'Edison township',34),(481,'Elizabeth city',34),(482,'Franklin township',34),(483,'Gloucester township',34),(484,'Hamilton township',34),(485,'Irvington CDP',34),(486,'Irvington township',34),(487,'Jersey City city',34),(488,'Lakewood township',34),(489,'Middletown township',34),(490,'Newark city',34),(491,'North Bergen township',34),(492,'Old Bridge township',34),(493,'Parsippany-Troy Hills township',34),(494,'Passaic city',34),(495,'Paterson city',34),(496,'Piscataway township',34),(497,'Toms River CDP',34),(498,'Trenton city',34),(499,'Union CDP',34),(500,'Union City city',34),(501,'Union township',34),(502,'Vineland city',34),(503,'Wayne CDP',34),(504,'Wayne township',34),(505,'Woodbridge township',34),(506,'Albuquerque city',35),(507,'Las Cruces city',35),(508,'Rio Rancho city',35),(509,'Santa Fe city',35),(510,'Albany city',36),(511,'Amherst town',36),(512,'Babylon town',36),(513,'Brentwood CDP',36),(514,'Bronx borough',36),(515,'Brookhaven town',36),(516,'Brooklyn borough',36),(517,'Buffalo city',36),(518,'Cheektowaga CDP',36),(519,'Cheektowaga town',36),(520,'Clarkstown town',36),(521,'Clay town',36),(522,'Colonie town',36),(523,'Greece town',36),(524,'Greenburgh town',36),(525,'Hamburg town',36),(526,'Hempstead town',36),(527,'Hempstead village',36),(528,'Huntington town',36),(529,'Irondequoit CDP',36),(530,'Irondequoit town',36),(531,'Islip town',36),(532,'Levittown CDP',36),(533,'Manhattan borough',36),(534,'Mount Vernon city',36),(535,'New Rochelle city',36),(536,'New York city',36),(537,'Niagara Falls city',36),(538,'North Hempstead town',36),(539,'Oyster Bay town',36),(540,'Queens borough',36),(541,'Ramapo town',36),(542,'Rochester city',36),(543,'Schenectady city',36),(544,'Smithtown town',36),(545,'Southampton town',36),(546,'Staten Island borough',36),(547,'Syracuse city',36),(548,'Tonawanda CDP',36),(549,'Tonawanda town',36),(550,'Union town',36),(551,'Utica city',36),(552,'White Plains city',36),(553,'Yonkers city',36),(554,'Asheville city',37),(555,'Cary town',37),(556,'Charlotte city',37),(557,'Concord city',37),(558,'Durham city',37),(559,'Fayetteville city',37),(560,'Gastonia city',37),(561,'Greensboro city',37),(562,'Greenville city',37),(563,'High Point city',37),(564,'Jacksonville city',37),(565,'Raleigh city',37),(566,'Rocky Mount city',37),(567,'Wilmington city',37),(568,'Winston-Salem city',37),(569,'Bismarck city',38),(570,'Fargo city',38),(571,'Akron city',39),(572,'Canton city',39),(573,'Cincinnati city',39),(574,'Cleveland city',39),(575,'Columbus city',39),(576,'Dayton city',39),(577,'Elyria city',39),(578,'Euclid city',39),(579,'Hamilton city',39),(580,'Kettering city',39),(581,'Lakewood city',39),(582,'Lorain city',39),(583,'Mentor city',39),(584,'Middletown city',39),(585,'Parma city',39),(586,'Springfield city',39),(587,'Toledo city',39),(588,'Youngstown city',39),(589,'Broken Arrow city',40),(590,'Edmond city',40),(591,'Lawton city',40),(592,'Midwest City city',40),(593,'Norman city',40),(594,'Oklahoma City city',40),(595,'Tulsa city',40),(596,'Beaverton city',41),(597,'Bend city',41),(598,'Eugene city',41),(599,'Gresham city',41),(600,'Hillsboro city',41),(601,'Medford city',41),(602,'Portland city',41),(603,'Salem city',41),(604,'Springfield city',41),(605,'Abington township',42),(606,'Allentown city',42),(607,'Bensalem township',42),(608,'Bethlehem city',42),(609,'Bristol township',42),(610,'Erie city',42),(611,'Lancaster city',42),(612,'Levittown CDP',42),(613,'Lower Merion township',42),(614,'Millcreek township',42),(615,'Philadelphia city',42),(616,'Pittsburgh city',42),(617,'Reading city',42),(618,'Scranton city',42),(619,'Upper Darby township',42),(620,'Cranston city',44),(621,'Pawtucket city',44),(622,'Providence city',44),(623,'Warwick city',44),(624,'Charleston city',45),(625,'Columbia city',45),(626,'Greenville city',45),(627,'North Charleston city',45),(628,'Rapid City city',46),(629,'Sioux Falls city',46),(630,'Chattanooga city',47),(631,'Clarksville city',47),(632,'Jackson city',47),(633,'Johnson City city',47),(634,'Knoxville city',47),(635,'Memphis city',47),(636,'Murfreesboro city',47),(637,'Nashville-Davidson',47),(638,'Abilene city',48),(639,'Amarillo city',48),(640,'Arlington city',48),(641,'Austin city',48),(642,'Baytown city',48),(643,'Beaumont city',48),(644,'Brownsville city',48),(645,'Bryan city',48),(646,'Carrollton city',48),(647,'College Station city',48),(648,'Corpus Christi city',48),(649,'Dallas city',48),(650,'Denton city',48),(651,'El Paso city',48),(652,'Flower Mound town',48),(653,'Fort Worth city',48),(654,'Galveston city',48),(655,'Garland city',48),(656,'Grand Prairie city',48),(657,'Harlingen city',48),(658,'Houston city',48),(659,'Irving city',48),(660,'Killeen city',48),(661,'Laredo city',48),(662,'Lewisville city',48),(663,'Longview city',48),(664,'Lubbock city',48),(665,'McAllen city',48),(666,'McKinney city',48),(667,'Mesquite city',48),(668,'Midland city',48),(669,'Missouri City city',48),(670,'North Richland Hills city',48),(671,'Odessa city',48),(672,'Pasadena city',48),(673,'Plano city',48),(674,'Port Arthur city',48),(675,'Richardson city',48),(676,'Round Rock city',48),(677,'San Angelo city',48),(678,'San Antonio city',48),(679,'Sugar Land city',48),(680,'Temple city',48),(681,'The Woodlands CDP',48),(682,'Tyler city',48),(683,'Victoria city',48),(684,'Waco city',48),(685,'Wichita Falls city',48),(686,'Layton city',49),(687,'Ogden city',49),(688,'Orem city',49),(689,'Provo city',49),(690,'Salt Lake City city',49),(691,'Sandy city',49),(692,'Taylorsville city',49),(693,'West Jordan city',49),(694,'West Valley City city',49),(695,'Alexandria city',50),(696,'Annandale CDP',50),(697,'Arlington CDP',50),(698,'Burke CDP',50),(699,'Chesapeake city',50),(700,'Dale City CDP',50),(701,'Hampton city',50),(702,'Lynchburg city',50),(703,'Newport News city',50),(704,'Norfolk city',50),(705,'Portsmouth city',50),(706,'Reston CDP',50),(707,'Richmond city',50),(708,'Roanoke city',50),(709,'Suffolk city',50),(710,'Virginia Beach city',50),(711,'Virginia',50),(712,'Bellevue city',53),(713,'Bellingham city',53),(714,'Everett city',53),(715,'Federal Way city',53),(716,'Kennewick city',53),(717,'Kent city',53),(718,'Lakewood city',53),(719,'Renton city',53),(720,'Seattle city',53),(721,'Shoreline city',53),(722,'Spokane city',53),(723,'Tacoma city',53),(724,'Vancouver city',53),(725,'Yakima city',53),(726,'Charleston city',54),(727,'Huntington city',54),(728,'Appleton city',55),(729,'Eau Claire city',55),(730,'Green Bay city',55),(731,'Janesville city',55),(732,'Kenosha city',55),(733,'La Crosse city',55),(734,'Madison city',55),(735,'Milwaukee city',55),(736,'Oshkosh city',55),(737,'Racine city',55),(738,'Sheboygan city',55),(739,'Waukesha city',55),(740,'West Allis city',55),(741,'Cheyenne city',56),(742,'Athens city',1),(743,'Fultondale city',1),(744,'Jasper city',1),(745,'Mccalla town',1),(746,'Courtland town',1),(747,'Muscle Shoals city',1),(748,'Fairbanks city',2),(749,'Anchorage city',2),(750,'Bullhead City',4),(751,'Queen Creek town',4),(752,'El Mirage town',4),(753,'Surprise city',4),(754,'Prescott city',4),(755,'Malvern city',5),(756,'Benton city',5),(757,'Hot springs town',5),(758,'Romance city',5),(759,'Walcott town',5),(760,'Ward city',5),(761,'Paragould city',5),(762,'New Port Richey',12),(763,'Tampa Bay',12),(764,'Jupiter',12),(765,'Riverview',12),(766,'Lexington',45),(767,'Spartanburg',45),(768,'Zanesville',39),(769,'Catonsville',24),(770,'Atlantic City',34),(771,'Washington',57),(772,'Wilkes-Barre',42),(773,'Euless',48);
/*!40000 ALTER TABLE `directory_city` ENABLE KEYS */;
UNLOCK TABLES;

--
-- Table structure for table `directory_club`
--

DROP TABLE IF EXISTS `directory_club`;
CREATE TABLE `directory_club` (
  `id` int(11) NOT NULL auto_increment,
  `name` varchar(50) NOT NULL default '',
  `description` longtext NOT NULL,
  `address` varchar(100) NOT NULL default '',
  `state_id` int(11) NOT NULL default '0',
  `city_id` int(11) default NULL,
  `phone` varchar(30) NOT NULL default '',
  `email` varchar(75) NOT NULL default '',
  `homepage` varchar(200) NOT NULL default '',
  `latitude` decimal(10,6) default NULL,
  `longitude` decimal(10,6) default NULL,
  `rating` int(11) NOT NULL default '0',
  `date_of_review` date NOT NULL default '0000-00-00',
  `is_closed` tinyint(1) NOT NULL default '0',
  PRIMARY KEY  (`id`),
  KEY `directory_club_state_id` (`state_id`),
  KEY `directory_club_city_id` (`city_id`)
) ENGINE=MyISAM AUTO_INCREMENT=1179 DEFAULT CHARSET=latin1;

--
-- Dumping data for table `directory_club`
--

LOCK TABLES `directory_club` WRITE;
/*!40000 ALTER TABLE `directory_club` DISABLE KEYS */;
INSERT INTO `directory_club` VALUES (1,'Fairbanks Swingers','Couples on Swingers','',2,748,'','','http://groups.yahoo.com/group/fairbanksalaskanswingers/',NULL,NULL,2,'2009-07-15',0),(2,'Chesapeake Ba Swinging Boaters','Chesapeake Bay Swinging Boaters Boat Club','',24,355,'','','http://www.swingingboaters.com',NULL,NULL,4,'2009-08-23',0),(3,'Sweet Extassy Couples Society','Exclusive Members Only Lifestyle Organization','Prince George\'s County',24,NULL,'(301) 316-SECS','','http://www.secsunlimited.com',NULL,NULL,2,'2009-08-19',0),(4,'Tabu Social Club','Hottest club in the DC/MD/PA/VA/Del area','1115 N Rolling Rd',24,769,'(410) 869-0001','','http://www.tabulife.com/','39.285969','-76.752475',3,'2009-06-23',0),(5,'The Comfort Zone','Explore swing fantasies at the House of Comfort','Hyattsville',24,NULL,'240-296-3936','','http://www.houseofcomfort.net',NULL,NULL,4,'2009-09-02',0),(6,'THE PRIVATE AFFAIR','Members only alternative Lifestyle club','Port Deposit',24,NULL,'410-378-8948','','',NULL,NULL,2,'2009-09-21',0),(7,'Club Platinum','Sunday Afternoons, Selective Membership','',9,206,'860-918-6885','','',NULL,NULL,2,'2009-06-10',0),(8,'Leisure Time Club','Leisure Time a On-Premise Club for Couples','',9,205,'860-951-6243','','http://www.leisuretime-club.com/',NULL,NULL,3,'2009-06-26',0),(9,'Unique Diversions','The Ultimate Party People','East Windsor',9,NULL,'860-655-5205','','',NULL,NULL,5,'2009-06-26',0),(10,'Fit Boston Swingers','Greater Boston Fit and Trim Swingers Group','',25,367,'','','',NULL,NULL,2,'2009-08-22',0),(11,'Girls Night Out Clubwear','Online Specialty Boutique','Fiskdale',25,NULL,'508-207-0070','','',NULL,NULL,4,'2009-08-12',0),(12,'Kaloopers','Worcester\'s Hottest Off Site Soft Swing Club','',25,392,'877-372-2878','','http://www.Kaloopers.org',NULL,NULL,2,'2009-08-14',0),(13,'Simple Pleasures','A comfortable private setting for swingers','Shelburne Falls',25,NULL,'413-625-9268','','',NULL,NULL,1,'2009-06-02',0),(14,'SINZ @ Wicked','SINZ @ Wicked','North Shore',25,NULL,'','','http://www.clubsinz.com',NULL,NULL,4,'2009-06-03',0),(15,'Sterling','On Premise, No Single Males, Parties Held 4 Sats\' Month, Special Events Fri & Sun','Needham Heights',25,NULL,'781-843-5112','','http://www.newenglandcouples.com',NULL,NULL,1,'2009-06-23',0),(16,'Velvet','Safe, clean private home lifestyle parties','Worcester County',25,392,'','','http://groups.yahoo.com/group/Velvetfriends/',NULL,NULL,3,'2009-06-20',0),(17,'Elkhorn Inn','Available Exclusively for Lifestyle Parties','Landgraff',51,NULL,'','','',NULL,NULL,3,'2009-06-10',0),(18,'Mid Ohio Valley Birdcage','We are an on-premise, BYOB club','Mineral Wells',51,NULL,'304-489-1555','','http://mov-birdcage.com/',NULL,NULL,5,'2009-06-18',0),(19,'Hampton Roads Couples','Virginia\'s Finest Lifestyle Social Club','Chester',51,NULL,'757-873-7221','','',NULL,NULL,5,'2009-06-24',0),(20,'Mid Atlantic Couples','Classy, Upscale Lifestyle Club','',51,707,'804-400-7623','','http://www.midatlanticcouples.com',NULL,NULL,3,'2009-09-28',0),(21,'Southwest Va Socials','Off-premise, couples-only club holding socials','Blacksburg',51,NULL,'','','http://www.southwestvasocials.com',NULL,NULL,1,'2009-06-23',0),(22,'Virginia Friends','Once a month Hotel Social','',51,707,'804-527-6607','','http://www.vafriendsonline.com',NULL,NULL,1,'2009-07-15',0),(23,'AOL OHIO COUPLES PARTIES!','MEET AND GREET SOCIAL- NO MEANS NO ALWAYS!','COLUMBUS',39,575,'PRIVATE','','http://members.aol.com/_ht_a/prtyplanner4ohio/',NULL,NULL,3,'2009-08-13',0),(24,'Club 101','A Classy Place For Classy People','101 Avondale Dr',39,576,'(937) 235-1010','','http://www.club101.cc','39.795076','-84.160379',5,'2009-08-09',0),(25,'Club 104','On Premise, Fri & Sat, Couples, Females, Loft, Patio, 7 Private Rooms','',39,575,'(614) 444-3321','','',NULL,NULL,2,'2009-06-02',0),(26,'Club Princeton','One of the Top Ten Club in the United States','',39,575,'614-275-9861','','http://www.clubprinceton.com',NULL,NULL,5,'2009-09-18',0),(27,'Club Temptations','CLUB TEMPTATIONS','4321 Salem Ave',39,576,'(937) 278-5761','','http://www.clubtemptations.cc/','39.807813','-84.260636',2,'2009-07-02',0),(28,'Club Z','The Ultimate Interracial Lifestyle Club in Ohio','',39,575,'614-361-5900','','http://www.clubzzebra.com',NULL,NULL,1,'2009-06-10',0),(29,'Dayton Swim and Social Club','On Premise, Tues, Thurs, Fri, Sat, 12 Private Theme Rooms, Huge Hot Tub, Buffet, Stay Overs','',39,576,'(937) 890-6277','','',NULL,NULL,5,'2009-06-11',0),(30,'Escape','ESCAPE to Cleveland\'s newest upscale social/swing','',39,574,'440-452-5566','','',NULL,NULL,5,'2009-08-06',0),(31,'Naughtee Bi Nature','For The Alternative Lifestyle In You','NW Ohio',39,NULL,'','','http://naughteebinature.com',NULL,NULL,4,'2009-09-18',0),(32,'Playtime Club','Onsite Social Club','Zanesville',39,NULL,'740-404-2256','','http://www.playtimeclub.com',NULL,NULL,5,'2009-08-01',0),(33,'Pure Social Club','WEBSITE DOWN POSSIBLY CLOSED','',39,573,'859-491-9699','','',NULL,NULL,2,'2009-06-11',0),(34,'Valley Retreat','Private On-Premise Adult Lifestyle Parties','Lisbon',39,NULL,'330-424-4880','','',NULL,NULL,1,'2009-08-01',0),(35,'West Side Cleveland Swingers','Private Parties and Retreats!','',39,574,'','','http://groups.yahoo.com/group/WestSideClevelandSwingers/',NULL,NULL,1,'2009-06-14',0),(36,'Club Secrets','Philly\'s Newest ON-PREMISE club','',42,615,'','','http://www.phillysecrets.com',NULL,NULL,3,'2009-09-28',0),(37,'Club Zu','Where Fantasy becomes reality.\r\n\r\nPosh club with open social area and VIP only area. Into the last you\'re allowed with your ID and membership card. No cameras can be brought in. \r\nLiquor is sold onsite. No food. Club is open 7 days a week!\r\nDress nice and clean.\r\nMembers asked to be polite and not pushy. You can loose the membership acting otherwise.\r\nSingle males are allowed in the club, but to enter VIP area they must be accompanied by a couple or a single girl.','Mayfield',42,NULL,'1-877-867-9190','','http://www.clubzu.com',NULL,NULL,4,'2009-06-05',0),(38,'Delaware Valley Synergy','A Social Club Supporting Open Relationships','Valley Forge',42,NULL,'610-574-4375','','',NULL,NULL,2,'2009-07-12',0),(39,'DJs Island','Members Only On Premise Swinger Dinner Dance Club','Beaver',42,NULL,'412-519-8608','','http://www.djsisland.com',NULL,NULL,5,'2009-06-16',0),(40,'North East PA Encounters','New Group in Northeastern Pennsylvania','Wilkes-Barre',42,NULL,'na','','http://groups.yahoo.com/group/NEPAencounters/',NULL,NULL,5,'2009-08-03',0),(41,'Off Road Swingers','Off Road Swingers 4x4 Jamboree','Coatesville',42,NULL,'','','http://www.offroadswingers.com',NULL,NULL,1,'2009-07-14',0),(42,'PHILLY FRICTION','HOT PARTIES FOR HOT PEOPLE','PHILLY',42,NULL,'610-444-4444','','http://www.phillyfriction.com',NULL,NULL,1,'2009-09-03',0),(43,'Philly Orgies','HOSTING ORGiES FOR ALL LIFESTYLES AROUND THE CITY','',42,615,'','','http://groups.yahoo.com/group/phillyorgies',NULL,NULL,3,'2009-06-06',0),(44,'The Paradise Club','Offers variety of AC rooms for play, hot tub, swimming pool with waterfalls, billiard and dining room.\r\nOn premise swingers club in North East Pennsylvania open on Saturdays. No alcohol sold in the club, but members may bring their own. Food, soft drinks and coffee provided.\r\nUp to 50 couples (not singles) per party. All events aren\'t \"walk-in\", you need to register first or even try to book a space. Your info is kept confidential. You\'re required to be interview to become a member and be very respectful toward other members and facilities.\r\nParties start early - around 6.30pm for newcomers. Members only time starts at 8pm.','Tannersville',42,NULL,'570-629-0804','','http://theparadiseclub.net/',NULL,NULL,1,'2009-06-30',0),(45,'Swingers Palace','On-Premise, Open to all Swingers, Fri and Sat','Pittsburgh',42,123,'(866) 244-2582','','',NULL,NULL,4,'2009-08-12',0),(46,'The Cottage','One of PA\'s Premiere On-Premises clubs, BYOB','Gettysburg',42,NULL,'717-334-0882','','http://www.thecottageinpa.com',NULL,NULL,3,'2009-07-11',0),(47,'The Farm Travel Club','An Adult Lifestyle Club with friendly people..','York',42,NULL,'717-225-5082','','http://www.thefarmtravelclub.com',NULL,NULL,3,'2009-07-13',0),(48,'The Mountain Retreat','Adult Bed and Breakfast','Brier Hill PA',42,NULL,'724-812-4265','','',NULL,NULL,5,'2009-09-22',0),(49,'TJs Lasting Impressions','Upscale On Premise Pirvate Club','Newport',42,NULL,'(717) 737-6204','','',NULL,NULL,4,'2009-06-19',0),(50,'Beginnings','Fall Weekend','Ski Resort',50,NULL,'732-388-4443','','',NULL,NULL,1,'2009-09-01',0),(51,'Couples Massage Weekend','couples sensual massage weekend','Southern Maine',23,NULL,'','','',NULL,NULL,1,'2009-08-18',0),(52,'Merava Socials','Monthly Gatherings for Couples and single females','Southern Maine',23,NULL,'','','',NULL,NULL,4,'2009-06-24',0),(54,'Bi Wives Club','Off premise swinger parties/dances.','Houghton Lake',26,NULL,'517-579-7102','','http://www.biwivesclub.com',NULL,NULL,1,'2009-08-09',0),(55,'Cherry Lane Nudist Park','Clothing Optional Campground,','North Adams',26,NULL,'517-287-4760','','http://www.cherrylaneresort.com/',NULL,NULL,5,'2009-09-11',0),(56,'Club 616','Off premise Social Dance, held at a local 200 room hotel. Buffet, DJ','',26,404,'','','http://swingerzone.com/616/',NULL,NULL,4,'2009-07-17',0),(57,'Club Fre','Freedom, Fantasy, & Fun in Detroit, MI','',26,401,'313-369-9469','','',NULL,NULL,2,'2009-08-07',0),(58,'Club Smooches','Awsome playful off premise social dance','dimondale',26,NULL,'5174498957','','',NULL,NULL,2,'2009-08-03',0),(59,'Lakeshore Social Club','Off-Premises social dance for couples and bi females','Muskegon',26,NULL,'231-730-2258','','http://www.geocities.com/lakeshore_social_club/LSC',NULL,NULL,2,'2009-06-05',0),(60,'MetroClub','ANYTHING THAT CAN BE IMAGINED ..............','',26,401,'3135270614','','http://wWW.METROCLUB.COM',NULL,NULL,4,'2009-08-25',0),(61,'Michigan Couples Club','Mid Michigan\'s lifestyle party.','',26,403,'810-820-5562','','http://home.comcast.net/~michigancouplesclub',NULL,NULL,1,'2009-06-16',0),(62,'MotorCity Socials','Off Premise w/ an on-premise attitude','Detroit Area',26,401,'313-882-5194','','http://www.motorcitysocials.com',NULL,NULL,2,'2009-08-05',0),(63,'Naughtee Bi Nature','For The Alternative Lifestyle In You','SE Michigan',26,NULL,'','','http://www.naughteebinature.com',NULL,NULL,3,'2009-09-20',0),(64,'Rumors','A unique blend of Nightclub meets Lifestyle social','Mt. Clemens and Pontiac',26,409,'877-493-6880','','http://www.rumors-party.com',NULL,NULL,3,'2009-09-07',0),(65,'Score Couples West','Lifestyle Dance held at a hotel','Romulus',26,NULL,'586 864 7333','','',NULL,NULL,3,'2009-09-24',0),(66,'Sierra Social Club','Off Premise, Dance Parties & Social, Couples Only','East Lansing',26,406,'(810) 220-9872','','',NULL,NULL,3,'2009-06-04',0),(67,'The Cosmopolitan Club','Where The Sexy People Come to Party!','',26,136,'586-292-5154','','',NULL,NULL,5,'2009-07-20',0),(68,'The Meeting Place','On Premise Club in Michigan','',26,296,'269-657-4072','','http://meetingplacemichigan.com',NULL,NULL,4,'2009-07-05',0),(69,'Club Trilogy','On Premise Social Club','',18,322,'765-471-0011','','',NULL,NULL,1,'2009-08-15',0),(70,'Club Utopia','On Premise, Social Club, 7,500 sq ft, Public & Private Rooms, Pool Tables, Darts','',18,318,'260-420-2559','','',NULL,NULL,3,'2009-08-05',0),(71,'Klub Layden','On premise private adult social club','',18,323,'765-717-1043','','http://www.klublayden.com',NULL,NULL,4,'2009-09-14',0),(72,'The Double F','The Private House Party Place for Couples only','',18,321,'(317)-536-6029','','',NULL,NULL,3,'2009-07-18',0),(73,'Topside II','On Premise, Oldest Club in Midwest, Playrooms, Play Pen, Buffet','Indiana',18,NULL,'','','',NULL,NULL,3,'2009-06-21',0),(74,'Bluegrass Secrets Social Club','The adult playground for the Kentuckiana area','',21,342,'502 339-1406','','http://www.bluegrasssecrets.net',NULL,NULL,1,'2009-09-28',0),(75,'\"THP\" CLUB, THE HITCHING POST','Party club for couples, singles and all lifestyle','Schaumburg, Ill.',17,NULL,'(847)526-2929','','',NULL,NULL,2,'2009-06-24',0),(76,'Alternative Nites','On Premise, Couples and Singles, Playrooms, Dance Floor','Chicago Area',17,294,'708-932-6407','','http://www.alternativenites.com',NULL,NULL,2,'2009-06-27',0),(78,'Club Meet4More','located in Chicago hold parties for couples and single ladies. Membership + entrance fee. After 1 am entrance fee rises.','',17,294,'(708) 699-6338','','http://www.clubmeet4more.com',NULL,NULL,1,'2009-07-28',0),(79,'Couples Choice','8,000 square feet club in the Metropolitan Chicago area offers weekly parties and requires membership.','Country Club Hills',17,NULL,'708-333-4860','','http://www.coupleschoice.com',NULL,NULL,1,'2009-07-19',0),(80,'Couples Playhouse in Paradise','On Premise Play Lodge, Very Upscale','',17,294,'(630) 983-5175','','',NULL,NULL,4,'2009-09-01',0),(81,'flauntparty','Exclusive private membership club (21yr to 40yr)','',17,294,'312-670-7181','','',NULL,NULL,5,'2009-06-29',0),(82,'Foxs Events','International Swingers Conventions','',17,294,'','','',NULL,NULL,4,'2009-08-06',0),(83,'Private Affairs','On Premise, Couples Only, Theme Parties Sat, Dance Floor, DJ, Public & Private Rooms\r\nYou\'re required to make a reservation and come as a couple to an actual event. Up to 50 couples allowed, and they\'re charged $50 ($60 for non-members). Casual style. Any races and ages welcomed (21+). You may bring clothes for changing, towel, swimming suite for jacuzzi, condoms, booze. No cameras. As a newbies, you need to get through interview.\r\nClub provides non-pressure environment, but this is on-premises place. Public and private areas.','Clare',17,NULL,'1-800-355-8063','','http://www.privateaffairs.org',NULL,NULL,4,'2009-06-25',0),(84,'saucyparty.com','saucyparty.com - Where men behave, and women don\'t','',17,294,'','','',NULL,NULL,3,'2009-08-26',0),(85,'Swinger Latin Chicago','off-premises club for people of any ethnic group. Couples, ladies, selected single men.','CHICAGO',17,294,'(773) 310-1320','','',NULL,NULL,1,'2009-07-07',0),(86,'The Club Release','On-premises Lifestyle Club','Country Club Hills',17,NULL,'1-219-951-7681','','http://www.theclubrelease.com',NULL,NULL,3,'2009-06-02',0),(87,'THP (The Hitching Post)','Chicagolands hottest adult club','Melrose Park',17,NULL,'(847) 526-2929','','',NULL,NULL,5,'2009-07-22',0),(88,'Destinys Private Dance Social','Private Adults Only Swingers Social','',47,634,'865-856-5784','','http://www.webspawner.com/users/destinyssocials/index.html',NULL,NULL,5,'2009-06-19',0),(89,'Discretions Memphis','Discretions is Memphis only Social Club','',47,635,'901-496-0323','','http://www.discretionsmemphis.com',NULL,NULL,4,'2009-07-18',0),(90,'Menages Club','On Premise Swingers Club','615 7th Ave S',47,637,'(615) 742-3705','','http://menagesclub.com/','36.152611','-86.777804',2,'2009-07-16',0),(91,'RendezvousClub','Couples Only Erotic Dance Party','',47,634,'270-566-1310','','http://www.RendezvousClub.net',NULL,NULL,2,'2009-07-30',0),(92,'Social Club','O Premise, Couples & Singles, Fri, Sat Nights, 20 yrs Operation','700 Division St',47,637,'(615) 244-2438','','http://www.thesocialclub.com/','36.150130','-86.777896',1,'2009-06-02',0),(93,'Treehouse Club','Memphis\'s Largest Social Club.','1464 Bartlett Rd',47,635,'(901) 212-5740','','http://www.treehouseclub.net/','35.165257','-89.877690',5,'2009-06-13',0),(94,'Xchanges','Xchanges-East TN\'s HOTTEST Adult Social Parties!','Knoxville Area',47,634,'865-454-4328','','http://www.tn-xchanges.com',NULL,NULL,2,'2009-09-04',0),(95,'2Risque\'','Atlanta\'s Hottest & Sexiest Lifestyle Club','4505 Commerce Drive',13,275,'(404) 696-2737','','http://www.club2risque.com/','33.761934','-84.534911',4,'2009-08-24',0),(96,'Atlanta United','Off Premise Couples Club.','',13,275,'770-318-0233','','',NULL,NULL,2,'2009-06-15',0),(97,'Club Deja Vu','Upscale, Discreet, Private Swing Club -On Premises','',13,275,'770-465-8091','','',NULL,NULL,2,'2009-06-21',0),(98,'Little Wings','Sexiest Adult Lifestyle Club In Atlanta','',13,275,'404-327-5268','','http://www.littlewingsofatlanta.com',NULL,NULL,3,'2009-09-28',0),(99,'Lula Beach Club','where north Ga. swingers cum to play','Lula',13,NULL,'7708697781','','',NULL,NULL,2,'2009-07-23',0),(100,'Lush Parties','couples only lifestyle lounge','atlanta',13,275,'631-965-8428','','',NULL,NULL,1,'2009-09-20',0),(101,'Luxuria','Flirtatious Parties for Sexy Couples and Females','',13,275,'770-438-6769','','',NULL,NULL,1,'2009-08-23',0),(102,'Passion Club','On Premise Club, BYOB','Cusseta',13,NULL,'706-527-8080','','',NULL,NULL,5,'2009-06-13',0),(103,'Pleasure Grove Resort','Georgia\'s Only Clothing Optional, Lifestyle Resort','Cleveland',13,NULL,'800-863-8633','','',NULL,NULL,2,'2009-09-01',0),(104,'Ptus','High class floating swingers club','',13,275,'','','',NULL,NULL,2,'2009-06-26',0),(105,'Southern Socials','Off Premise, Monthly Theme Parties, Part of Carolina Friends, Parties in GA & SC','Augusta',13,NULL,'','','http://www.southernsocials.com',NULL,NULL,5,'2009-06-17',0),(106,'Swinging Atlanta','Atlanta\'s Newest and Hottest Swingers Parties!','',13,275,'','','http://www.swingingatlanta.com',NULL,NULL,4,'2009-07-21',0),(107,'The Temptation of Atlanta','The Southeast\'s Premiere Private Party Connection','North Metro Atlanta',13,275,'','','',NULL,NULL,1,'2009-09-09',0),(108,'Tina The Swinger','The Absolute Best Swingers Parties in Atlanta','',13,275,'404-861-TINA','','',NULL,NULL,4,'2009-07-27',0),(109,'Trapeze','Atlantas Number 1 Swing Club','4470 Commerce Dr SW # A',13,275,'(404) 699-0100','','http://www.trapezeclub.com/','33.761107','-84.533339',1,'2009-07-14',0),(110,'Venus','On Premise, Thurs - Sat, Dance Floor, Private Theme Rooms, Orgy Room, Dance Floor, Buffet','',13,275,'(404) 876-4306','','http://www.clubvenus.com',NULL,NULL,4,'2009-08-06',0),(111,'2008 SwingFest Convention','The World\'s Largest Swingers Conventions','',12,242,'866-794-3378','','',NULL,NULL,2,'2009-07-21',0),(112,'Alter Ego','Strict Dress Code Fetish Party...','',12,242,'954-563-5777','','http://www.Fetish-Party.com',NULL,NULL,2,'2009-06-01',0),(113,'Anakosha','Private Club, Couples Only, Education and Exploration of Sexuality and Alternative Relationships','Naples',12,NULL,'','','',NULL,NULL,5,'2009-06-12',0),(114,'Aphrodites','Fulfill your fantasies in a 3500 Sq Ft Party House','Wesley Chapel',12,NULL,'386-624-5363','','',NULL,NULL,5,'2009-06-01',0),(115,'Barbis Famous Sexy Party Club','Barbi\'s World-Famous Swingers Exhibitionist Party!','',12,238,'954-887-0227','','http://www.SexyPartyClub.com',NULL,NULL,3,'2009-09-27',0),(116,'CALIENTE RESORT and SPA','Caliente resort and SPA is a luxurious resort for those who prefer going around naked. It boasts to have good waters and daily activities, including sprt (aerobics, yoga, volleyball in a pool), parties (theme, karaoke, ladies only and so on) and dining specials. Lots of events for nudists, singles and ladies.','',12,270,'','','',NULL,NULL,2,'2009-07-02',0),(117,'Charlie Wood','welcomes couples and ladies, select guys. Twice a week, in Orange city - swimming pool, pool table, dance floor, sauna.','Orange City',12,115,'386-775-2372','','http://www.charliewood.org',NULL,NULL,5,'2009-07-23',0),(118,'CLUB 1916','UPSCALE 4AM LOUNGE DOWNTOWN HOLLYWOOD','HOLLYWOOD',12,242,'9549220074','','http://www.harrisonswinebar.com',NULL,NULL,3,'2009-06-20',0),(119,'Club Chic','Saturday parties in off-premises club of South Florida, no membership, entrance fee only.','Pompano',12,NULL,'(954) 781-8884','','',NULL,NULL,4,'2009-08-01',0),(120,'Club Cinsual','Unleash your Inhabitions & be a Little Naughty','',12,263,'941-928-1496 aft. 8p','','http://www.clubcinsual.com',NULL,NULL,2,'2009-07-07',0),(121,'Club Destiny','A Premier Swingers Club for Quality Adult Parties','Pensacola-Destin',12,259,'888-000-000','','http://www.clubdestiny.us',NULL,NULL,3,'2009-08-14',0),(122,'Club Dutch Delight','Bringing like minded people together.','St Petersburg',12,NULL,'','','http://www.playfulcouples.net/',NULL,NULL,3,'2009-06-06',0),(123,'Club Hedonism','Ft. Lauderdale adult club, open 4 days a week for couples and singles.','',12,261,'954-783-4741','','http://www.clubhedonism.com',NULL,NULL,1,'2009-07-24',0),(124,'Clubindulgence','lifestyle club in North East Florida with weekly parties for couples and single females. Door fees.','',12,243,'9045886470','','',NULL,NULL,2,'2009-07-11',0),(125,'Club Kink','Club Kink Fetish Swingers Club','Pompano',12,NULL,'','','',NULL,NULL,5,'2009-06-28',0),(126,'Club Relate','Masturbation Swing Club, Couples & Singles, Sat Meetings, 12 yrs of Operation','',12,255,'','','',NULL,NULL,1,'2009-08-03',0),(127,'Club Tastebuds','Off Premise Alternative Lifestyle Club open 7 Days, RSVP Sats only','Kissimmee',12,NULL,'407-888-2423','','',NULL,NULL,5,'2009-09-10',1),(128,'Club Xpressions','Florida\'s Newest upcoming off premise club','',12,263,'941-345-3957','','',NULL,NULL,3,'2009-07-21',0),(129,'Couples Break Convention','Couples Break Lifestyle Couples Convention','',12,234,'8772168820 toll free','','',NULL,NULL,5,'2009-09-02',0),(130,'Deenie\'s Hideaway','On Premise, Open 365 Days Yr, Indoor Pool, Hot Tub, Playrooms, Volleyball, Buffet','5011 W Hillsboro Blvd',12,261,'(954) 428-3336','','http://www.deenieshideaway.com/','26.317615','-80.192990',5,'2009-09-14',0),(131,'Dutch Delight Party House','On Premise, Pool Party, BBQ, All Night Party, Sat Nights, Couples, Females, Select Males','',12,247,'727-518-1465','','http://www.clubdutchdelight.com',NULL,NULL,1,'2009-06-08',0),(132,'Emerald Coast Social','weekly parties in New Orleans and Pensacola. 150-200 people come to each party, crowd dressed elegantly and sexy.','710 N Palafox St',12,259,'(850) 748-8795','','http://www.emeraldcoastsocial.com/','30.420464','-87.217160',3,'2009-08-01',0),(133,'EnvyChic','Sexy Apparel & Accessories - Dress to Impress','',12,252,'877-222-0567 or 407-802-5917','','http://www.envychic.com/',NULL,NULL,3,'2009-07-07',0),(134,'Exotica House Parties','On premises swingers parties.','Ocala',12,NULL,'352-875-6192','','',NULL,NULL,2,'2009-07-23',0),(135,'Fetish Factory','Fetish Factory Alter Ego Parties','',12,238,'954-563-5777','','http://www.fetish-factory.com',NULL,NULL,1,'2009-06-23',0),(136,'Florida Playtime','South Floridas Adult Entertainment Magazine','',12,238,'','','',NULL,NULL,3,'2009-06-21',0),(137,'Florida Social','NO LONGER HOSTING PARTIES 9.21.6','Fort Walton Beach',12,NULL,'','','',NULL,NULL,2,'2009-06-11',1),(138,'Hotel Swingers Party\'s','Swingers Hotel Parties in Tampa, Florida','',12,270,'941 722 7544','','',NULL,NULL,1,'2009-08-01',1),(139,'Jada, After Dark','Jada, After Dark','Lake Worth',12,NULL,'561-889-4561','','',NULL,NULL,5,'2009-06-16',0),(140,'JD N Sandras','Private on premise parties for Lifestyle Lovers','',12,255,'1-866-738-3950','','http://www.JDnSandras.com',NULL,NULL,4,'2009-06-12',0),(141,'Lifestyle Alternatives Centre','Where kinky & fun people meet!','Palm Beach County',12,NULL,'561.309.0989','','http://www.lifestylealternatives.org',NULL,NULL,4,'2009-06-27',0),(142,'Lifestyle Explorers','Private House Socials','',12,270,'813-910-7102','','http://www.LifestyleExplorers.org',NULL,NULL,3,'2009-09-26',0),(143,'Lovers Lane','holds events 3 times a week in Weest side of Orlando, couples and singles are welcomed.','',12,255,'866-738-3950','','',NULL,NULL,3,'2009-09-20',0),(144,'Miami Velvet',' -  20,000 sq feet upscale lifestyle club with thousands of members (not all of them are swingers, though). Complicated prices schemes. Nice site to look at.','3901 NW 77th Ave',12,251,'(305) 406-1604','','http://www.miamivelvet.com/','25.810219','-80.318744',4,'2009-06-04',0),(145,'Neverending Bliss','On Premise-BYOB-Swinger\'s Club','',12,234,'386-682-6220','','',NULL,NULL,3,'2009-06-18',0),(146,'Night Moves II','Upscale, off-premise nightclub.','14975 N Nebraska Ave',12,270,'(813) 910-2772','','http://www.nightmovesii.com/','28.087155','-82.450941',4,'2009-07-13',1),(147,'North Fort Myers Couples','A New On Premise LifeStyle Club','Fort Myers',12,NULL,'239-217-2386','','http://www.northfortmyerscpl.com',NULL,NULL,2,'2009-07-21',1),(148,'Orlando Interlude','Annual Orlando Interlude Convention','',12,255,'(866) 549-0843','','',NULL,NULL,5,'2009-08-22',0),(149,'OZ Swingers Club','Southwest Florida\'s Premier On-Premise Club','fort myers',12,NULL,'239-645-0119','','http://www.theotheroz.com',NULL,NULL,4,'2009-08-28',0),(150,'Platos Repeat','CLUB IS NO LONGER A SWINGERS CLUB','Ft. Lauderdale',12,NULL,'(954) 523-9818','','',NULL,NULL,1,'2009-06-30',0),(151,'Pleasure Palace','On Premise, Couples & Singles, Public & Private Rooms, Hot Tub','',12,270,'(813) 663-9193','','',NULL,NULL,4,'2009-07-09',1),(152,'Ranch 4 Play','On Premise Private Ranch on 5 Acres, Parties Sat Night','',12,255,'(352.483.1988)','','http://www.ranch4play.com',NULL,NULL,2,'2009-09-14',0),(154,'Rooftop Resort','35 Room Clothing Optional Hotel','Hollywood Beach',12,242,'954-925-0301','','http://www.rooftopresort.com',NULL,NULL,2,'2009-07-15',0),(155,'RV Swingers Club','A Swing Club for RV Travelers','Clermont',12,NULL,'','','',NULL,NULL,2,'2009-06-22',0),(156,'Sapphire Lounge','Northern Palm Beach County upscale nightclub with parties at Thursdays and Fridays.','725 N Highway A1a # C101',12,764,'(561) 575-2100','','http://www.sapphireloungefl.com/','26.940767','-80.078872',2,'2009-09-30',0),(157,'Seduction Party','Our priority is to make you feel comfortable and s','Ft. Lauderdale',12,NULL,'954 270 2971','','',NULL,NULL,3,'2009-09-06',0),(159,'Sinful Party','Monthly Theme Parties for the Ladies','Ybor City Tampa',12,270,'561-543-7457','','',NULL,NULL,1,'2009-09-11',0),(160,'StreetPerfection.com','StreetPerfection... Are you on it?','',12,252,'7862132158','','',NULL,NULL,2,'2009-06-07',0),(161,'SW Florida Munch and Parties','Themed Parties & brunches in Ft Myers\r\nThis site is all about canes of elegant design for those who\'s into the pain. The owner hosts parties for his friends and interested people, tells about interesting events and so on. So if you like canes and like to meet, have fun and learn new tricks about canes, this may be the site for you.','Fort Myers',12,NULL,'','','http://www.canes4pain.com/sw_florida_munch_canes4pain_cane2.htm',NULL,NULL,3,'2009-09-17',0),(162,'SWFLPlayPalace','SW Florida\'s HOTTEST LIFESTYLE PARTIES','Fort Myers',12,NULL,'239-878-0342','','http://www.swflplaypalace.com/',NULL,NULL,4,'2009-06-12',0),(163,'Swingers Hotel Party','Hotel party for fun couples and females','',12,270,'941 722-7544','','',NULL,NULL,2,'2009-07-03',1),(164,'The Bliss Club','The Hottest BiFemale Party in Miami','',12,252,'305.244.5787','','http://www.theblissclub.com/',NULL,NULL,2,'2009-08-21',0),(165,'The House','Downtown Orlando private parties twice a week, single men are welcome if they are well-mannered.','Orlando, Florida',12,255,'See Web Site','','http://www.theorlandohouse.com',NULL,NULL,2,'2009-09-09',1),(166,'The Partyhouse','Private House Party on 5 Acres, Couples & Singles, Fri & Sat, Theme Events','Kathleen',12,NULL,'863-853-7750','','',NULL,NULL,4,'2009-07-27',0),(167,'The Playground','The Playground is one of Central Florida\'s best!','New Smyrna Beach',12,NULL,'(386) 426-2063','','',NULL,NULL,4,'2009-08-20',0),(168,'The Saturday Night Club','Come play on our boat, On Premise -- On the Water','Estero',12,NULL,'239.293.3482','','http://www.thesaturdaynightclub.com',NULL,NULL,3,'2009-09-23',0),(169,'Underground Eden','Nightclub for couples in Jacksonville with parties every Saturday night. Low prices, single gentlemen allowed.','',12,243,'#','','http://www.undergroundjax.com',NULL,NULL,3,'2009-08-30',0),(170,'Trapeze','located in Ft. Lauderdale, club with dance floor and intimate lounge open 5 days a week, with expensive membership and night fees.','5213 N State Road 7',12,238,'(954) 730-8121','','http://www.trapezeclub.com','26.188871','-80.203786',2,'2009-09-06',0),(171,'AlaPleasures Club','Off Premise, Private, No Single Males, Invitation Only','AlaPleasures Club',1,1,'','','http://www.alapleasuresclub.com/',NULL,NULL,5,'2009-07-20',0),(173,'Close Encounters Mobile','Off-premise Couples Only Social','',1,6,'601-928-7716','','',NULL,NULL,1,'2009-09-18',0),(174,'Ecstasy Club','Cum find out what the lifestyle is all about','',1,743,'','','',NULL,NULL,4,'2009-07-27',0),(175,'Gulfcoast Playground','Gulfcoast Playground...Where real Swingers Meet','',1,6,'251-214-8263','','',NULL,NULL,4,'2009-09-04',0),(176,'Obsessions Club','Off Premise, Membership Based & Invitation Only, Live DJ, Monthly Themes','',1,1,'','','',NULL,NULL,2,'2009-06-02',0),(177,'Second Saturday Social','Swingers Parties','',1,1,'205-329-0788','','',NULL,NULL,1,'2009-09-25',0),(178,'Sinsations Of Alabama Social','Alabama\'s Premier ON PREMISES Social.\r\n\r\nGood old on-premises parties for all the swingers of Alabama. It\'s not boring \"meet-n-greet\", it\'s discreet playing. These guys meet to have sex, and lots of it! They rent out a hotel suite and charge $30 per couple for entry.\r\nAll the members asked to stay calm and promised to be anonymous. \r\nEvery event welcomes couples and single females of all races except for ebonies. They don\'t wait for elite and high-so, and people from all walks of life can be met at Sinsations events, mostly in their 30s and 40s, of average body type. Single guys may come with a date!','',1,747,'205-275-3776','','http://sinsations-social.tripod.com/',NULL,NULL,5,'2009-07-24',0),(179,'Sweet Desires Club','A sexy & erotic place to visit','PO Box 70',1,1,'(205) 243-4535','','http://www.sweetdesiresclub.com','33.465670','-86.959905',3,'2009-07-03',0),(180,'ACE','LIFESTYLE LIMOUSINE\'S','Bay Saint Louis',29,NULL,'228-467-3452','','',NULL,NULL,2,'2009-09-13',0),(181,'Close Encounters','Off Premise, Couples & Select Singles, Intimate & Private Nightclub','393 Tegarden Rd',29,444,'(601) 928-7716','','http://www.closeencounters.biz/','30.387818','-89.035595',5,'2009-07-20',0),(182,'Club Nympho\'s of La','Nympho\'s (The Only On-Premise Club in Baton Rouge)','',22,344,'','','http://www.clubnymphos.net',NULL,NULL,4,'2009-09-30',0),(183,'Colette','On Premise, Open Weekly, Overnight B&B','',22,351,'504.588.1517','','http://www.coletteneworleans.com',NULL,NULL,4,'2009-06-02',0),(184,'DIVE Inn','Clothing Optional Guesthouse','',22,351,'1-888-788-DIVE (3483','','',NULL,NULL,3,'2009-07-23',0),(185,'N\'Awlins in November','Fun and Erotic Annual Event','',22,351,'800-304-4493','','http://www.neworleansinnovember.com/',NULL,NULL,3,'2009-09-22',0),(186,'New Orleans Social','Couples Swingers Social Club','',22,351,'504-722-8028','','',NULL,NULL,1,'2009-09-08',0),(187,'Stiletto','A Very Private Club','',22,347,'337 234-9797','','http://groups.yahoo.com/group/LMGS/?yguid=215678063',NULL,NULL,2,'2009-06-12',0),(188,'The French Connection','Off Premise, Fri & Sat, Couples Only Sat, Upscale Locale','Covington',22,NULL,'(800) 304-4493','','http://www.frenchconx.com',NULL,NULL,3,'2009-09-20',0),(189,'The Lagniappe Chateau','On Premise, Dance Floor, Theme Rooms, Jacuzzi Area, Private Rooms','',22,352,'(318) 208-2284','','http://www.thelagniappechateau.com',NULL,NULL,5,'2009-06-06',0),(190,'4-SPC','Couples Only, Monthly Off-Premise Social Club','',5,23,'','','http://www.geocities.com/menthumper/4-SPC.html',NULL,NULL,4,'2009-07-27',0),(191,'Fantasy Delights','Delightfully good times.','',5,755,'','','http://groups.yahoo.com/group/Fantasydelights/',NULL,NULL,5,'2009-09-30',1),(192,'Lee and Gwen\'s Exchange','Off Premise, 3rd Sat Month, Live DJ, Monthly Themes','',5,756,'','','',NULL,NULL,1,'2009-09-03',0),(193,'Spa City Connections','Private Hotel Party','Hot Springs',5,757,'501-454-1097','','http://www.spacityconnections.com',NULL,NULL,3,'2009-08-20',0),(194,'4-SPC','Couples Only, Monthly Off-Premise Social Club','',28,23,'','','http://www.geocities.com/menthumper/4-SPC.html',NULL,NULL,1,'2009-09-19',0),(195,'Club SinSations','Club SinSations','',28,449,'816-786-7136','','',NULL,NULL,5,'2009-06-09',0),(196,'CSR','Off Premise, Hotel Party, Dinner, Dance, Social, Monthly, Couples Only','St Charles',28,NULL,'(636) 940-0057','','',NULL,NULL,2,'2009-08-18',0),(197,'Dreams and Desires','On prmise lifestyle club','blue springs',28,NULL,'816 248 1311','','',NULL,NULL,2,'2009-08-11',0),(198,'ECLYPSE GENTLEMENS CLUB','FULL SERVICE JUICE BAR/ LIFESTYLE LOUNGE/ HOT TUB','SUNRISE BEACH',28,266,'573-647-1903','','http://groups.yahoo.com/group/ECLYPSE_LOVER/',NULL,NULL,3,'2009-07-24',0),(199,'ESC - Eldon Social Club','couples only, off premise private hall','near lake of the ozarks',28,NULL,'','','',NULL,NULL,5,'2009-09-05',0),(200,'More Than Friends','More Than Friends (MTF) and attentive Lovers','springflield',28,NULL,'417-328 8738','','',NULL,NULL,5,'2009-08-07',0),(202,'Xtra Sinsual Couples','Off Premise, Couples Only, Finger Food, Social Dance Club','',28,449,'816 668 5245','','http://www.hometown.aol.com/xtrasinsualcpls/myhomepage/profile.html',NULL,NULL,4,'2009-09-28',0),(203,'4-SPC','Couples Only, Monthly Off-Premise Social Club','',40,559,'','','http://www.geocities.com/menthumper/4-SPC.html',NULL,NULL,3,'2009-09-05',0),(204,'Club Dreamers','Club Dreamers is an Off Premise Lifestyle Club','',40,594,'','','',NULL,NULL,5,'2009-08-02',0),(205,'Club Okc Obsessions','Club was closed several years ago!\r\n\r\nCouples Club for the young at heart','',40,594,'','','',NULL,NULL,3,'2009-08-15',0),(206,'Club Rumors','Club Rumors: Everything you heard is true...','1737 S Memorial Dr',40,595,'(918) 610-5323','','http://www.myspace.com/rumorsnightclub_tulsa','36.136818','-95.886762',4,'2009-06-15',0),(207,'Eden','A premier Lifestyles Club Located in Oklahoma City','',40,594,'(405) 644-7990','','',NULL,NULL,5,'2009-09-30',0),(208,'Friendship Plus','Oklahoma\'s Premier Lifestyle Club for Couples','',40,594,'','','',NULL,NULL,3,'2009-07-25',0),(209,'Silk Stockings','Adventurous couples & select singles, off-premise','OKC',40,NULL,'','','',NULL,NULL,3,'2009-07-14',0),(210,'The Club','Upscale Lifestyle and Dance Club in OKC','',40,594,'','','http://www.TheClubOKC.com',NULL,NULL,2,'2009-07-22',0),(211,'Twisted Events','Oklahoma City\'s Alt Adult Party Headquarters','',40,594,'','','',NULL,NULL,2,'2009-07-02',0),(212,'4-SPC','Couples Only, Monthly Off-Premise Social Club','',20,23,'','','http://www.geocities.com/menthumper/4-SPC.html',NULL,NULL,1,'2009-06-28',0),(213,'Club Eden','Club Eden for Sensuous Couples','',20,335,'','','',NULL,NULL,2,'2009-08-18',0),(214,'Eden of Wichita','On premise club for couples','wichita',20,340,'1-316-698-0154','','',NULL,NULL,5,'2009-08-24',0),(215,'Shameless Flirts Anonymous','A sexy fun environment to flirt the night away','Paola',20,NULL,'','','http://groups.yahoo.com/group/shamelessflirtsanonymous/',NULL,NULL,4,'2009-07-21',0),(216,'Byte from the Apple','Couples Only - Off Premise Swingers Club','',31,460,'Unlisted','','',NULL,NULL,2,'2009-06-08',0),(217,'Downtown O','Off Premise, Dance Club, Sponsored singles','',31,460,'','','',NULL,NULL,5,'2009-09-30',0),(218,'Club Blackhawk','Come feel the heat and see what we do for fun.','',19,334,'','','http://www.geocities.com/clubblackhawk/index.html',NULL,NULL,3,'2009-06-10',0),(219,'Club Temptation','Off premise parties for couples and single females held monthly','',19,330,'','','',NULL,NULL,4,'2009-06-19',0),(220,'Sioux City Swingers','Couples and single females only','',19,333,'7122695626','','http://siouxcityswing.4t.com/',NULL,NULL,1,'2009-08-06',0),(221,'Club Embrace','Club Embrace, the club without cliques','',55,734,'608-575-5568','','http://www.clubembrace.com',NULL,NULL,2,'2009-07-06',0),(222,'Club NCN','Club NCN Swingers','',55,734,'','','http://www.clubncn.com',NULL,NULL,2,'2009-08-16',0),(223,'Midwest Secrets Social Club','On Premise Swingers Club','',55,732,'262-880-0300','','',NULL,NULL,3,'2009-09-05',0),(224,'Secrets Club','On premise club','',55,736,'920-915-6216','','http://www.shareyoursecrets.net',NULL,NULL,2,'2009-06-20',0),(225,'Club H','Off Premise, Social Club, Private Parties, Various Locations','',27,437,'612-566-1212','','',NULL,NULL,3,'2009-08-05',0),(226,'Club Hedonism Minnesota','A social club for couples and ladies only','',27,437,'763-566-1212','','http://www.ClubHMN.com',NULL,NULL,4,'2009-07-30',0),(227,'Real Campers','Real Campers Two Creeks Campground','',27,437,'7635661212','','http://www.realcampers.com',NULL,NULL,2,'2009-08-03',0),(228,'SwingerSet','The hottest club in Northern Minnesota','',27,433,'218-349-3660','','http://www.swingerset.com',NULL,NULL,1,'2009-07-02',0),(229,'SwingStock','As seen on PlayBoy TV','',27,437,'(612)566-1212','','http://www.swingstock.com/',NULL,NULL,3,'2009-09-14',0),(230,'Club Tantra','Tantra Class followed by intimate party. Saturdays','Maui',15,NULL,'808-244-4103','','http://www.schooloftantra.com/ClubTantra2.htm',NULL,NULL,2,'2009-06-28',0),(231,'Hawaii Swings','HawaiiSwings Lifestyle Swingers Portal & Club','',15,283,'808-123-4567','','',NULL,NULL,2,'2009-09-20',0),(232,'Island Fantasy Swingers Club','On and Off Premise Events','',15,283,'808-861-0170','','',NULL,NULL,1,'2009-07-09',0),(234,'Allure','9,000 square feet club with 4 dance floors open at Fridays and Saturdays. Memberhsip fee ($100 for 1 year) and night cover charge.','13800 Dragline Dr # B',48,641,'(512) 990-1777','','http://allureaustin.com/','30.431449','-97.683486',3,'2009-08-04',0),(235,'Aphrodites','Off Premise','',48,641,'(512) 928-9876','','http://www.aphroditesforum.com',NULL,NULL,5,'2009-07-29',0),(236,'Bacchus Society','WEBSITE DOWN POSSIBLY CLOSED','',48,641,'512-563-9089','','',NULL,NULL,5,'2009-07-21',0),(237,'Bentley\'s','New Swingers Club - Great Location','',48,678,'','','',NULL,NULL,2,'2009-09-24',0),(238,'Central Texas Socials','Best Little Swing Club in Texas!','Lampasas',48,NULL,'512-535-1669','','',NULL,NULL,2,'2009-08-22',0),(239,'Chocolate Swirl','Adult Lifestyle Swinger/Polyamory Parties','',48,649,'','','http://www.chocolateswirlparty.com',NULL,NULL,1,'2009-08-08',0),(240,'Club Cave','Members Only Private Club','12712 Hempstead Rd',48,658,'(281) 898-0667','','http://www.clubcave.com/','29.833137','-95.503323',2,'2009-07-13',0),(241,'Club Inspiration','On-premises club in Southern Texas operates Friday and Saturday, welcomes couples and single women only.','Weslaco',48,NULL,'','','http://www.clubinspiration.com',NULL,NULL,3,'2009-07-14',0),(242,'DesirousParty','Hottest Couples Lifestyle parties in Texas','',48,658,'','','http://www.DesirousParty.com',NULL,NULL,1,'2009-08-07',0),(243,'DFW Social Club','Monthly Dinner Group of Friendly Couples','Dallas / Fort Worth',48,649,'','','',NULL,NULL,3,'2009-07-14',0),(244,'EYESWIDESHUTT','Eyeswideshutt erotic theme adult parties','',48,658,'713-874-7735','EYESWIDESHUTTS@YAHOO.COM','http://eyeswideshutt.com/',NULL,NULL,1,'2009-06-21',0),(245,'Austin Friends','You can guess the location by the name of this site. Open since 1993 for couples and single ladies.','',48,641,'512-251-1199','','http://www.austinfriends.com',NULL,NULL,4,'2009-06-20',0),(246,'High Maintenance Party','It\'s all about the party!','',48,658,'713.582.0778','','',NULL,NULL,5,'2009-07-05',0),(247,'HTS Lifestyle','Ultimate Swinger\'s Parties','City',48,NULL,'','','http://www.htslifestyle.com',NULL,NULL,5,'2009-07-23',0),(248,'Iniquity','Elegant & Upscale, Featuring Entertainment. BYOB,','10821 Composite Dr',48,649,'(972) 323-1100','','http://www.iniquityclub.com/','32.878222','-96.896747',1,'2009-09-22',0),(249,'Jet Set','3600 square feet of fun, DJ at Saturdays. Off-premises club run since 1971. Single guys allowed at Thursdays\' nights.','3136 Routh St # B',48,649,'(214) 720-4475','','http://www.jetsetclub.com/','32.801367','-96.806821',5,'2009-09-16',0),(250,'Krewe Of Swingtown','Lifestyle\'s Only Mardi Gras Krewe & Social Group!!','',48,658,'936-718-6656','','http://www.kreweofswingtown.com',NULL,NULL,2,'2009-08-08',0),(251,'Live Oak Resort','A Private Clothing-Optional Resort and Night Club','Washington',48,NULL,'936-878-2216','','http://www.liveoakresort.com',NULL,NULL,4,'2009-08-21',0),(252,'Naughty Forest','On Premise Party','',48,659,'214-783-6520','','http://www.naughtyforest.com',NULL,NULL,4,'2009-09-12',1),(253,'Outer Limits','Outer Limits Club','2438 Walnut Ridge St',48,649,'(972) 247-7383?','','http://www.outerlimitsclub.com/','32.883911','-96.895401',2,'2009-09-17',0),(254,'Players Club','Upscale BYOB Nightclub for Couples & Single Ladies','',48,678,'210-691-2050','','http://www.texasplayers.com',NULL,NULL,5,'2009-07-25',0),(255,'Quiet Encounters 2','El Paso\'s Premier Adult Social Club','',48,651,'','','http://www.quietencounters2.com/',NULL,NULL,1,'2009-09-10',0),(257,'Secret Illusions','Where you can be Yourself!!!','',48,649,'214-457-0088','','',NULL,NULL,4,'2009-08-10',0),(258,'Secrets Ft Worth','Ft. Worth\'s Best Couples Club','',48,653,'817-560-3393','','',NULL,NULL,5,'2009-08-23',1),(259,'Sensual Party','Houston Texas\' finest Swinging party group!','',48,658,'','','',NULL,NULL,1,'2009-06-06',0),(260,'Spankees','The neighborhood bar with a TWIST!','',48,649,'(214) 739-4760','','',NULL,NULL,4,'2009-08-15',1),(261,'Sultry Seductions','The Best On-Premise House in Dallas','',48,649,'214-241-0294','','',NULL,NULL,1,'2009-08-13',0),(262,'Swank','Party with us at our exclusive lifestyle events!','',48,649,'214-673-6779','','',NULL,NULL,5,'2009-06-07',0),(263,'Swing SunSet','Amarillo\'s only swinger\'s club.','',48,639,'806-236-0530','','',NULL,NULL,4,'2009-07-01',0),(264,'SwingAustin','Fun House Parties','',48,641,'Use Email','','',NULL,NULL,4,'2009-06-01',0),(265,'TantricHearts.com','Tantric Workshops for Couples and Singles','',48,658,'281.532.9276','','http://www.TantricHearts.com',NULL,NULL,2,'2009-07-06',0),(266,'The 13th Floor','Select single men, couples and girls can do whatever they desire two days a week in this club in Dallas.','',48,649,'469-621-2468','','http://www.the13thfloordallas.com',NULL,NULL,5,'2009-06-14',0),(267,'The After Midnight Club','Off-premises club in Euless, operating 3 day per week and open for couples and single ladies.','11050 S Pipeline Rd',48,773,'(817) 354-7800','','http://www.theaftermidnightclub.com/','32.812169','-97.131493',2,'2009-07-16',0),(268,'Cherry Pit','Make s suggested donation ($20) and join a party in Dallas. Limited number of single men allo','Duncanville',48,NULL,'','','http://www.cherrypit.org/',NULL,NULL,3,'2009-09-04',1),(269,'The Erotic Zone','Friendly and fun to newbies, soft and full swaps','',48,649,'214-763-3087','','',NULL,NULL,5,'2009-08-14',1),(270,'The Jungle','A very intimate, romantic tropical fantasyland','',48,641,'','','',NULL,NULL,3,'2009-07-16',0),(271,'The Lickerish Guild','Adult club located in Texas. Private couples club, membership ($20) required.','',48,641,'512-203-0180','','',NULL,NULL,3,'2009-08-10',0),(272,'The Mystery Zone','Welcome to The Mystery Zone','2504 FM 1960 Rd E',48,658,'(281) 821-9663','','http://www.themysteryzone.com/','30.023905','-95.391844',3,'2009-07-13',0),(273,'The Red Door','5,000 square foot private club in Rio Grande Valley for couples and single ladies interested in sensual erotic more than hardcore fun.','',48,665,'956-393-1658','','http://www.TheRedDoorClub.com',NULL,NULL,3,'2009-09-07',0),(274,'The Rustic Red House','Intimate, Inviting, Sophisticated and Relaxing..','',48,649,'903-872-8119','','',NULL,NULL,4,'2009-07-05',0),(275,'The Sans Souci','Another Dallas swingers\' club open 4 days a week, admission fee is low, men allowed twice a week.','1055 Regal Row # 1200',48,649,'(214) 920-2172','','http://www.thesanssouci.com/','32.827490','-96.887533',5,'2009-09-02',1),(276,'Silver Minx','Friday and Saturday parties in Dallas, single men can apply for Fridays. Site offers photo tour which looks natural and non-glamourous, nice to see.','Hutchins',48,NULL,'972-225-6792','','http://www.TheSilverMinx.com',NULL,NULL,3,'2009-07-11',0),(277,'Velvet Curtain','Club for couples and ladies interested in swinging lifestyle. Stylish site with F.A.Q, personals and links.','',48,649,'N/A','','http://www.velvetcurtain.net',NULL,NULL,4,'2009-06-07',0),(278,'Wish\'s Club','Wish\'s is a special place for the discreet','14918 Northwest Fwy',48,658,'(713) 937-1055','','http://www.wishs.com/','29.866405','-95.537874',4,'2009-08-07',0),(279,'Black Rose House','ON Premise Adult Lifestyles Club','',4,750,'928-763-2525','','',NULL,NULL,4,'2009-06-24',0),(280,'Discretions','Discretions is Arizonas friendliest club','3304 N 27th Ave',4,18,'(602) 528-3878','','http://www.discretions.com/','33.486145','-112.117087',5,'2009-06-18',0),(281,'Club Encounters','On Premise Parties, Couples & Singles','3037 W Clarendon Ave',4,18,'(602) 230-9680','','http://www.clubencounters.com/','33.491813','-112.125522',2,'2009-08-24',0),(282,'Liberated Christians','Social Club Promotes Meaningful Intimacy & Sexual Liberation','',4,18,'','','',NULL,NULL,1,'2009-06-11',0),(283,'Phoenix Adult Lifestyles','Off-Premise Adult Lifestyles Club','',4,18,'','','http://www.phoenixadultlifestyles.com',NULL,NULL,2,'2009-07-20',0),(284,'S2 Lifestyle Meet and Greet','monthly lifestyle meet and greet for couples','',4,20,'760-536-8112','','',NULL,NULL,3,'2009-08-16',0),(285,'4PLAY','A TRULY upscale on-premise club in Denver','',8,185,'','','',NULL,NULL,4,'2009-06-13',0),(286,'Charmed Encounters','Where Magical Fantasies Come True','',8,184,'719-598-2194','','',NULL,NULL,3,'2009-07-20',0),(287,'Club Mystique','Colorado Springs Lifestyle Club','',8,184,'','','',NULL,NULL,5,'2009-07-29',0),(288,'ClubXcite','Off Premise, Monthly Themes','',8,184,'','','',NULL,NULL,1,'2009-07-01',0),(289,'It\'s Just A Fantasy','Denver\'s Newest Couples Swingers Club','',8,185,'720-532-6435','','',NULL,NULL,3,'2009-09-06',0),(290,'Rocky Mountain Connections','Explore your fantasies - safe, no-pressure, fun','Denver, Ft Collins',8,185,'720-363-7946','','http://www.rmcsc.com',NULL,NULL,3,'2009-09-26',0),(291,'Scarlet Ranch','Denver Sex Club','',8,185,'','','http://www.scarletranch.com',NULL,NULL,5,'2009-08-13',0),(292,'SINDICATE','On-Premise Ultra Lounge Exclusive to young couples','',8,185,'720.628.0454','','http://www.denversindicate.com',NULL,NULL,4,'2009-07-17',0),(293,'The Retreat','On Premise, Fri & Sat Nights, Couples & Single Fem','',8,185,'303-234-0508','','http://www.swingattheretreat.com',NULL,NULL,1,'2009-06-18',0),(294,'The Spice Party','Utah\'s Only Sexy Party for Couples & Single Women','',49,690,'801-415-9922','','',NULL,NULL,1,'2009-06-01',0),(295,'Billings Social Club','A fun club designed to help people meet others.','',30,456,'307-899-0166','','http://billingssocialclub.com',NULL,NULL,2,'2009-06-12',0),(296,'Puss N Boots','Central Montana Off Premise Swing Club','',30,457,'none','','http://groups.yahoo.com/group/PussandBoots/',NULL,NULL,1,'2009-07-29',0),(297,'The Thirteenth Floor','Adult Lifestyles Club 1 Block From Las Vegas Strip','3127 S. Industrial Rd',32,463,'(702) 204-9158','','http://www.lasvegasswingersclub.net/','36.132416','-115.172512',2,'2009-08-20',0),(298,'Couples Oasis Society','Couples Only Parties','',32,463,'702 617 8033','','http://www.couplesoasis.com',NULL,NULL,2,'2009-08-27',0),(299,'Dilligas Saloon','A great place for couples and singles, onsite action allowed.','1303 E 4th St',32,466,'(775) 322-8481','','http://www.dilligassaloon.com/','39.533527','-119.796158',5,'2009-06-18',0),(300,'Fantasy Social Club','On Premise, Couples & Singles, Group Room, Theme Rooms, Private Rooms, Limo Service','953 E Sahara Ave',32,463,'(702) 893-3977','','http://www.fantasyswingersclub.com/','36.143689','-115.140763',2,'2009-06-21',0),(301,'Glitter Nights','Glitter Nights - Las Vegas Hottest Swing Venue','',32,463,'702.987.1311','','',NULL,NULL,2,'2009-08-28',0),(302,'Green Door Las Vegas','Winner of Best of Las Vegas 2006','953 E Sahara Ave Suite B27/28',32,463,'(702) 732-4656','','http://www.greendoorlasvegas.com/','36.143965','-115.142235',3,'2009-08-27',0),(303,'LOVE - Lites Of Vegas Estate','LOVE is Las Vegas\' premier Lifestyle Club','',32,463,'','','http://www.LOVE-Vegas.com',NULL,NULL,3,'2009-07-28',0),(304,'New Swinger Saturdays','Class for \"new to the lifestyle\" couples','',32,462,'','','',NULL,NULL,2,'2009-06-09',0),(305,'Rendezvous Las Vegas','On Premises swinger\'s club for couples & singles','',32,463,'(702) 732-2587','','',NULL,NULL,4,'2009-09-13',0),(306,'Sea Mountain Ranch','opening 2008','',32,463,'877-928-2827','','http://www.nudespa.com/',NULL,NULL,3,'2009-09-15',0),(307,'Silver State Swingers','Invite only house party','Carson City',32,44,'','','http://www.SilverStateSwingers.com',NULL,NULL,4,'2009-08-09',0),(308,'Sinful Xpressions','What happens in Vegas stays in Vegas','',32,463,'','','',NULL,NULL,2,'2009-07-26',0),(309,'Whispers Party','The Best Party You have ever been to...','',32,463,'(702) 595-6517','','http://www.whispersparty.com',NULL,NULL,1,'2009-07-19',0),(310,'ASYX parties','Californian club moving from one house to another, as different couples host parties every week. $40 entrance fee for couples, $20 - ladies, $65 - single men.','Orange County',6,115,'800 450-4702','','http://www.partywithnorm.com',NULL,NULL,4,'2009-06-03',0),(311,'Allure','bi-weekly hold parties in private club in southern San Diego welcome couples and single females. Membership and entrance fee required.','',6,63,'619-925-1406','','http://www.allurecouples.net',NULL,NULL,3,'2009-07-22',0),(312,'AMIX Swingers Club','AMIX Swingers Club - Where Swingers \' mixit \' up..','',6,141,'800 450-4702','','http://www.mixitwithnorm.com',NULL,NULL,1,'2009-07-13',0),(313,'Anne\'s PleasHER Party!','WHERE ALL HER FANTASIES CUM TRUE!','San Francisco Bay Area',6,142,'18667532743','','',NULL,NULL,2,'2009-08-11',0),(314,'Anything Island Swingers Club',':Anything Island, A Paradise Resort For Swingers','LosAngeles',6,NULL,'800 450-4702','','http://www.anythingisland.com',NULL,NULL,5,'2009-06-30',0),(315,'Arena Swing Club','On Premise, No Single Males, Indoor/Outdoor Areas, Hot Tub, Buffet, Dancing, Party house','',6,142,'510-623-1354','','',NULL,NULL,4,'2009-07-03',0),(316,'ASYX Swingers Club','ASYX Swingers Club - Los Angeles County','',6,98,'800 450-4702','','http://www.swingwithnorm.com',NULL,NULL,1,'2009-08-29',0),(317,'Babylon','On Premise, Ranch, 2.5 Acres, Fri and Sat Eve, Couples','Lake Elsinore',6,NULL,'818-787-0842','','',NULL,NULL,2,'2009-09-11',0),(318,'Barry and Shells','On Premise, Sat Nights, No Single Males, 3 Level Home, Buffet, Hot Tub, Dancing','',6,142,'510-834-5808','','',NULL,NULL,2,'2009-07-28',0),(319,'Bliss Party','Los-Angeles upscale club boasts to have the most attractive members at the parties. You have to send a picture for party information.','',6,98,'','','http://www.BlissParty.com',NULL,NULL,2,'2009-07-26',0),(320,'Blondies Playground','On Premise, Couples and Select Singles, Invitation Only','',6,82,'(510) 847 8837','','',NULL,NULL,5,'2009-06-01',0),(321,'Blue Moon','Nothern California club welcomes females and males and cares for women getting pleasure. Not straight guys aren\'t allowed.','Sacramento, CA',6,137,'1-866-460-2583 free!','','',NULL,NULL,1,'2009-09-23',0),(322,'Celebrity Swingers','Hollywood based club with exciting theme parties like Lifestyle, Ladies only, Bridal Shower and others. Selective in giving membership.','',6,98,'310 946-1797','','http://www.celebrityswingers.com',NULL,NULL,1,'2009-08-07',0),(323,'Center For Sex and Culture','WELCOME TO THE CENTER FOR SEX & CULTURE.','',6,142,'415-255-1155','','',NULL,NULL,5,'2009-07-28',0),(324,'Cloud Nine','Couples Only Dance, Twice a Month at Hotels','Manteca',6,NULL,'(209) 466 -1543','','',NULL,NULL,5,'2009-06-20',0),(325,'Club Amnesty','On Premis Swing Club','',6,115,'714 282-7979','','',NULL,NULL,2,'2009-09-06',0),(326,'Club Fusion','Club Fusion ----------Relax It\'s Just Sex','',6,141,'760-877-2394','','',NULL,NULL,4,'2009-07-20',0),(327,'Club Kiss','On premise event- select couples and single women','',6,142,'','','',NULL,NULL,5,'2009-09-20',0),(328,'Club Sesso','Sesso is Italian for sex and we are all about sex.','',6,110,'702-448-2776','','http://www.clubsesso.net',NULL,NULL,5,'2009-09-11',0),(329,'Club Taboo','HOW TO ATTEND','Southern California',6,NULL,'','','',NULL,NULL,3,'2009-09-25',0),(330,'couples411','Official SDC Monthly Members Party by couples411','',6,98,'','','',NULL,NULL,3,'2009-07-16',0),(331,'Delicious','Delicious- a pre-screened on premise party','',6,142,'','','',NULL,NULL,4,'2009-08-29',0),(333,'Exotic Divas','Exotic and Pole Dance classes in Orange County!','Costa Mesa',6,16,'949-903-1867','','',NULL,NULL,2,'2009-09-05',0),(334,'Free Mind, Body and Spirit','Gatherings for Erotism, Social Nudism, Massage, Tantra, Thai Nuad, Kama Sutra','Santa Fe',6,NULL,'','','',NULL,NULL,2,'2009-09-10',0),(335,'Freedom Acres','Parties 3 times a week in San Bernardino, with 100-150 couples attending each. $40 year membership, strictly couples only.','San Bernadino',6,NULL,'','','',NULL,NULL,3,'2009-07-17',0),(336,'Friends Under Covers','Young Couples&Women--College Age to Mid-30\'s','',6,98,'','','http://www.whatisfucclub.com',NULL,NULL,3,'2009-09-09',0),(337,'GARY AND MARGARETS','private home parties for swingers','riverside',6,134,'951 3606156','','',NULL,NULL,2,'2009-08-19',0),(338,'Interracial-Kink','Interracial Swingers Party','',6,142,'510-388-5108','','http://www.interracial-kink.org',NULL,NULL,4,'2009-08-25',0),(340,'Latin Swingerz Party Club','VOTED THE #1 LATIN SWINGERS PARTY IN SOUTHERN CA','San Gabriel',6,NULL,'none','','',NULL,NULL,1,'2009-09-03',0),(341,'LiteNsweet Meet N Greet','Swingers Meet N Greet for Real Swingers','Bay Area',6,NULL,'925-437-2326','','http://www.litensweet.com',NULL,NULL,2,'2009-09-16',0),(342,'Magie Noire, an urban oasis','Erotic Oasis','Emeryville',6,NULL,'510-273-2415','','',NULL,NULL,1,'2009-07-23',0),(343,'My Lifestyle Parties','Upscale, Decadent Lifestyle Parties','Palm Springs',6,NULL,'818-921-7143','','http://www.MyLifestyleParties.com',NULL,NULL,5,'2009-08-30',0),(344,'NaughtyChefs','A personal chef service......... at your place','',6,98,'','','',NULL,NULL,4,'2009-08-26',0),(345,'Norms Swing Adventures','We put adventure & romance back into swinging.','Bay Area',6,NULL,'see site','','',NULL,NULL,4,'2009-08-02',0),(346,'Options Socials','A Lifestyles Social Club which holds parties and events with more than 3000 members in the state. Quality buffets, attractive party decorations and a few special added touches.','PO Box 337',6,137,'(209) 941-2100','','http://www.optionssocials.com/','38.581700','-121.493400',4,'2009-08-04',0),(347,'Panther Palace','On Premise, Couples & Singles, Dancing','Costa Mesa',6,16,'(949) 631-5485','','',NULL,NULL,5,'2009-08-30',0),(348,'Paradise View Ca','A Couples Playground','san diego',6,141,'(619) 303-0266','','',NULL,NULL,2,'2009-06-05',0),(349,'PleasureZone','Off Premise, a hip and sexy dance club for couples and women','',6,142,'415.789.8065','','http://www.pleasurezonesf.com/',NULL,NULL,5,'2009-09-24',0),(350,'Power Exchange','The largest adult sexual play space','74 Otis St',6,142,'(415) 487-9944','','http://powerexchange.com/','37.772201','-122.420180',3,'2009-09-21',0),(351,'PureCandy Event','THE Premier Production in Lifestyle History!!','Beverly Hills',6,NULL,'please e-mail','','http://www.purecandyevents.com',NULL,NULL,4,'2009-09-21',0),(352,'Sea Mountain Resort','clothing optional romantic upscale hotel resort','palm springs area',6,NULL,'877-928-2827','','http://www.taboogardens.com',NULL,NULL,3,'2009-08-11',0),(353,'Select Swing Set','Sachi Club, bar and lounge inside the Marina hotel','',6,97,'562-650-2704','','http://www.selectswingset.com',NULL,NULL,4,'2009-08-14',0),(354,'SensualismParties','Sensual Parties for Couples and Ladies only!','San Diego Area',6,141,'6199716429','','',NULL,NULL,1,'2009-06-06',0),(355,'SoCalPleasureSeekers.com','UpScale On & Off Premise Dances & Events','',6,98,'310-770-0061','','http://www.socalpleasureseekers.com',NULL,NULL,1,'2009-06-26',0),(356,'Spiceparty','Spice Party for fit and attractive couples','',6,137,'n/a','','http://www.spice-party.com',NULL,NULL,3,'2009-07-18',0),(357,'Steve and Silvers','Private home twice a month parties in Riverside County for couples, females and selected males.','Riverside County',6,134,'','','http://www.steveandsilver.org',NULL,NULL,1,'2009-09-03',0),(358,'STUDIO 54X','On-Premise Playrooms with World-Class Nightclub','Orange County',6,115,'818-917-3122','','http://www.studio54x.com',NULL,NULL,1,'2009-09-09',0),(359,'Suite Connections','Luxury Hotel Suite Parties','Southern California',6,NULL,'','','http://groups.yahoo.com/group/suiteconnections/',NULL,NULL,2,'2009-09-09',0),(360,'Swing \'n\' Ride of Los Angeles','Swinging parties and Sybian rides in the Valley.','',6,98,'818-383-2223','','http://www.swingnride.com',NULL,NULL,5,'2009-07-24',0),(361,'LA Couples','Claims itself the best club in Southern California, but one must check it to believe. temporarily down.','Seal Beach',6,NULL,'','','',NULL,NULL,4,'2009-07-21',0),(362,'Thad\'s','The most erotic party house in Southern California','3517 E St',6,141,'(619) 237-8849','','http://www.thads.com/','32.714429','-117.118737',5,'2009-08-18',0),(363,'The Carnal Manor','House Party, 6 Acres, No Single Males, Saturday Nights','Topanga',6,NULL,'(818) 598-0010','','',NULL,NULL,4,'2009-06-25',0),(364,'The Lust Party','Youngest & Sexiest Guests -THE Premier party','',6,98,'(818) 437-3333','','http://www.lustparty.com',NULL,NULL,5,'2009-08-11',0),(365,'The Wet Party','Is WET for you','',6,98,'','','',NULL,NULL,5,'2009-07-25',0),(366,'Tiberius','The best on premise parties in the Antelope Valley','',6,94,'661-944-0865','','',NULL,NULL,3,'2009-06-09',0),(368,'Nightshift-nw','Couples only adult swingers dance club located in','',41,602,'','','http://www.nightshift-nw.com',NULL,NULL,3,'2009-09-21',0),(369,'Salem Swingtime Dance','Month off premise swingers dance','',41,603,'503-947-2766','','http://www.salemdance.com/',NULL,NULL,5,'2009-07-07',0),(370,'The TETRA CLUB','We are the only Swingers Club in Southern Oregon.','',41,601,'541 601-6204','','',NULL,NULL,3,'2009-07-15',0),(371,'Club TSS','Club TSS - Come Party With Us!','Tri Cities/Yakima',53,725,'541-561-1075','','',NULL,NULL,3,'2009-09-01',0),(372,'ClubPassions','Off Premises Swingers Dances and social club.','',53,713,'360-441-5709','','http://www.clubpassionsnw.com',NULL,NULL,2,'2009-08-21',0),(373,'Desert Delights','Couples Only, Social Club, Social Dances, Play Parties, House Parties, Camping Trips','Pasco',53,NULL,'','','',NULL,NULL,1,'2009-06-23',0),(374,'Entre Nous','Simplicity with class','Washington, DC',53,NULL,'202-667-6680','','http://www.entrenousqueen.com/Eventspage.html',NULL,NULL,1,'2009-08-08',0),(375,'Fuck Club NW','A sex positive community.','',53,720,'206-310-4027','','http://groups.yahoo.com/group/FC-NW/',NULL,NULL,4,'2009-06-29',0),(376,'Hugs','Off Premise, Couples Only, 1st & 3rd Sat Monthly','',53,722,'(509) 921-1973','','',NULL,NULL,1,'2009-07-03',0),(377,'Love Lounge Seattle','Seattle\'s newest couples club.','',53,720,'425-642-8038','','http://www.lovelounge.net',NULL,NULL,2,'2009-09-27',0),(378,'New Horizons','On Premise, House Party, Members Only','Lynnwood',53,379,'(206) 903-9671','','http://www.horizonsclub.com',NULL,NULL,5,'2009-09-04',0),(379,'Northwest Xchange Club (NWX)','On-premise dance club w/ intimacy of a house party','Seattle area',53,720,'206-551-0171','','http://www.nwswingersxchange.com/',NULL,NULL,2,'2009-08-24',0),(380,'Original Circles','Members Only Social Dance','',53,720,'','','',NULL,NULL,1,'2009-06-21',0),(381,'PSCBF','The club \'Where meeting is just the beginning\'','Puget Sound Area',53,NULL,'','','http://www.sdc.com/sitemap/swingersclubinformation.htm',NULL,NULL,3,'2009-06-01',0),(382,'Puget Sound Swing Society','PS3 is located in the Puget Sound region. Membersh','Puget Sound',53,NULL,'','','http://psss.amerabyte.com',NULL,NULL,4,'2009-09-20',0),(383,'SnoCo Swingers','Hot New off premise club, 165 members strong','Snohomish',53,NULL,'425-649-3759','','http://groups.yahoo.com/group/snocoswingers/',NULL,NULL,2,'2009-06-18',0),(384,'The Carnal Manor','Great house for all Los Angeles swingers to visit. Free entrance, privacy and friendly atmosphere.','',6,NULL,'','','http://www.thecarnalmanor.com/',NULL,NULL,4,'2009-07-23',0),(390,'Florida Social',' - several clubs in cities of Florida. $500 year membership option or $30 per night. Single men can accompany a couple.','',12,NULL,'','','http://www.floridasocial.com',NULL,NULL,3,'2009-06-02',0),(392,'The Pleasure Palace',' - off-premises social clu with 30,000 members. Fun fames, dance floor, theme rooms.','',12,NULL,'','','http://www.pleasurepalaceflorida.com',NULL,NULL,1,'2009-09-26',1),(396,'Playful Couples',' - theme parties in West Central Florida with swiming pools, massage tables, lots of bedrooms and play areas, and no charge.','',12,763,'','','http://www.playfulcouples.com/','27.897814','-82.811825',2,'2009-08-03',0),(398,'Tha Sex Kittens','Chicago club holds theme parties every second Friday of month. Welcome mature guests of any orientation, males must be accompanied with ladies.','',17,NULL,'','','',NULL,NULL,3,'2009-06-04',0),(402,'Couples Party Club','private place, for members only which can be couples only. Membership os free.','',17,NULL,'','','',NULL,NULL,2,'2009-06-13',0),(403,'Couples Playhouse','Club has dance floor, party rooms, hot tubs and spas. Located in Chicago. Dress code - business casual.\r\nPlay parties for swingers of Chicago! Private house with a nightclub vibes runs events for over 12 years providing a secure and fun atmosphere swinger strive for. Soft drinks, buffet, private rooms with or without doors - for those who have different preferences on privacy.\r\nAdult couples and single women meet 3-4 times a month, on weekends. Pool, theme parties and sunny days to enjoy lazy rest with other friendly swingers.\r\nDance, tan, party or relax in a hot tub! No pressure, relaxing environment. You even are welcomed to stay overnight, just let know the owners first. Club runs on donations.','',17,NULL,'','','http://www.couplesplayhouse.com',NULL,NULL,1,'2009-08-09',0),(405,'BodyWorks','holds parties in Buffalo N.Y.  metropolitan area. Single guys aren\'t allowed. Reasonable rates.','',36,NULL,'','','',NULL,NULL,1,'2009-06-12',0),(406,'Bar Loose','has 22,000 members and rich history. Big site with lots of information for interested swingersm 6 Yahoo-groups.','',36,NULL,'','','http://www.bar-loose.com/',NULL,NULL,1,'2009-07-30',0),(407,'BFC','is an adult social club located in Buffalo. No dress code, $65 year membership.','',36,NULL,'','','http://www.buffaloswings.com/',NULL,NULL,4,'2009-07-30',0),(409,'OnLegUp','erotic social club with naughty site and alluring pictures. Info about events and hosts, games, music and store.','',36,NULL,'','','http://www.onelegupnyc.com',NULL,NULL,5,'2009-09-28',0),(418,'Bi-Wives Club','Bisexual ladies have fun and share it with their life partners. They also host swingers\' parties in different houses and look for more places to party at. Scedule and curiesn photos can be found on the site.','',48,NULL,'','','http://www.biwivesclub.com',NULL,NULL,1,'2009-09-06',0),(421,'LAX: Los Angeles Exchange Society','Twice a month swingers\' parties in downtown Los Angeles. Need to call or email to make a reservation. Membership is $10 for couples and ladies, $20 for gentlemen. Entrance fee.','',6,NULL,'','','',NULL,NULL,3,'2009-07-05',0),(422,'Velvet Swing','No men couples, straight and lesbian couples only. 7-30 couples visit their 3 times per week parties in San Fernando Valley.','',6,NULL,'','','http://home.netcom.com/~jonnall/swing.htm',NULL,NULL,4,'2009-06-06',0),(423,'Club SINZ','Lifestyle Meet & Greet Dance Party\r\n\r\nSINZ is a private social organization for couples or single females, who are or want to be in the lifestyle. The Lifestyle is a growing movement within the United States and across the world, made up of couples who seek an open, honest approach to their sexuality. But if you are here you probably already know that and are looking for an opportunity to meet and mingle with like minded people. That is where Sinz Social Networking comes in. SINZ currently hosts parties at two locations. Club Sinz hosts parties Friday on the North Shore of MA, and Saturday nights on the Seacoast of NH. (Exact location is disclosed to members upon acceptance) and once a month on Friday evenings at our sINNz location.','Portsmouth',25,NULL,'555-1212','info@clubsinz.com','http://www.clubsinz.com/',NULL,NULL,4,'2009-09-11',0),(424,'SCFWB','Swingers club for Sullivan County NH','Sullivan County',33,NULL,'603-988-4981','','',NULL,NULL,1,'2009-08-19',0),(425,'The Middle Door','Swingers Parties every other Saturday','Portsmouth',33,NULL,'(603)436-7085','','http://groups.yahoo.com/group/themiddledoorparty/',NULL,NULL,2,'2009-07-29',0),(426,'Beginnings','On Premise, Fri and Sat, Couples Only','Rahway',34,NULL,'732-388-9106','','',NULL,NULL,2,'2009-08-27',1),(427,'Caligula\'s Temple','Atlantic City\'s Only Private Swingers Club','12 S Indiana Ave',34,770,'(609) 345-4899','','http://www.caligulastemple.com/','39.359553','-74.433025',1,'2009-06-18',0),(428,'Private Parties','Premier Couples Club for Classy Couples & Females','Pennsauken',34,NULL,'','','',NULL,NULL,4,'2009-08-11',0),(429,'Second Saturday Club','Private Off-Premise Alternate Lifestyle Club located in Fairfield, NJ.  Couples, Singles, Polys, Swingers, CD/TS/TV, and Other Alternatives are ALL welcome.','',34,201,'','SecondSaturdaySwingers@yahoo.com','http://SecondSat.com/',NULL,NULL,5,'2010-01-22',0),(430,'Toga Joes Temple','Where the Hottest People Play','Central',34,NULL,'732-591-5569','','http://www.togajoe.com',NULL,NULL,2,'2009-07-17',0),(431,'Woodbridge meet-n-greet','meet and greet','',34,505,'','','',NULL,NULL,2,'2009-09-04',0),(432,'Club Nympho\'s of New Mexico','New Mexico\'s Premier Lifestyle Event Organization','',35,506,'','','http://www.clubnymphos.net',NULL,NULL,3,'2009-08-16',0),(433,'Janiejimranch','On Premice Club With Parties On The 2nd & 4th Sat','',35,506,'505-452-2366','','http://groups.yahoo.com/group/janiejimranch/',NULL,NULL,4,'2009-09-29',0),(434,'Mountain Dawn Lodge','Adult Only Lifestyle Lodge','Eagle Nest',35,NULL,'4083334860','','http://www.mountaindawnlodge.com/',NULL,NULL,2,'2009-08-01',0),(435,'AAllure Lifestylers','A members\' club for lifestyle couples and trios','Metro NYC, NNJ and NEPA',36,NULL,'917-749-8443','','',NULL,NULL,3,'2009-09-02',0),(436,'Above N Beyond','Above N Beyond A Place to Take Your Dreams Further','Cedarhurst',36,NULL,'5168516319','','http://www.groups.yahoo.com/group/above_n_beyond69',NULL,NULL,2,'2009-06-25',0),(437,'BAR-LOOSE','Swingers parties, get togethers NY, NJ, CT','',36,536,'','','',NULL,NULL,4,'2009-08-07',0),(438,'CandleLight Associates','cares of adult couples and offers lot of fun to them. No dress code. Site possess rich information for newbies and members.','',36,542,'(585) 334-8785','','http://www.candleassociates.com',NULL,NULL,5,'2009-07-24',0),(439,'Casbar','Swinger\'s Dinner and Dancing Night Club','117 25th St',36,516,'(718) 788-2580','','http://www.clubcasbar.com','40.661941','-74.000353',4,'2009-09-27',0),(440,'Checkmates','A unique club designed for today\'s Swingers.','',36,542,'','','http://www.CheckmatesClub.com',NULL,NULL,5,'2009-08-11',0),(441,'Couples Night Club','holds parties Fridays and Saturdays and welcome single men once a week. Low membership cost + door fee.','Bethpage',36,NULL,'(516)942-3500','','http://www.couplesnightclub.com',NULL,NULL,2,'2009-09-07',0),(442,'DDeviousDelights','Very laid back - No pressure - Come out and Play','',36,536,'917-543-3149','','http://www.ddeviousdelights.com/',NULL,NULL,2,'2009-06-21',0),(443,'Encounters NY','Encounters Intimate Lounge','West Babylon',36,512,'631 433 7339','','',NULL,NULL,4,'2009-06-19',0),(444,'GSpot!','Not Your Ordinary Events!!','',36,536,'(212) 933-4356','','http://groups.yahoo.com/group/GSpot-',NULL,NULL,3,'2009-08-25',0),(445,'My Swing Party','private, exclusive, members only club.','NY',36,NULL,'','','',NULL,NULL,2,'2009-09-23',0),(446,'New York Interracial Swingers','Interracial Swingers is a group for all interracia','Northern New York',36,536,'8455670333','','http://groups.yahoo.com/group/NYinterracialswingers/',NULL,NULL,5,'2009-06-04',0),(447,'NYC Swingers Party','Adult Swingers Party Group','New York City',36,536,'','','',NULL,NULL,4,'2009-06-25',0),(448,'NYCCPLSBIFEMSWINGERSPARTY','Where Cpls & Bifems make a connection.','brooklyn',36,NULL,'718-541-5875','','',NULL,NULL,1,'2009-09-12',0),(449,'RedLight Events','RedLight Events Grand Opening Party','',36,536,'-removed-','','http://www.RedLightEvents.com',NULL,NULL,3,'2009-09-01',0),(450,'Sexy Limo Party','Fully Loaded 45 Passenger Limo Bus','11566',36,NULL,'917.442.8896','','',NULL,NULL,2,'2009-08-02',0),(451,'SexyBoatClub','Parties on the water for lifestyle boaters','Long Island',36,NULL,'917.442.8896','','',NULL,NULL,4,'2009-07-16',0),(452,'SINsation','Exclusive Couples & Bisexual Women','New York City',36,536,'','','http://www.SINsationNYC.com',NULL,NULL,1,'2009-07-20',0),(453,'Syracuse Social Club','Off Premise, No single Males, 2nd & 4th sat Monthly, 21 Years in Business, Dancing, Bar','Warners',36,NULL,'(315) 652-7145','','http://www.syracusesocialclub.com',NULL,NULL,3,'2009-08-27',0),(454,'The Hamptons Party.com','THE HAMPTONS PARTY.COM','Hampton Bays',36,NULL,'','','http://www.TheHamptonsParty.com',NULL,NULL,3,'2009-09-26',0),(455,'Voyeur Events','NYC\'s Premier Erotic/Hedonistic On-Premise Party','New York City',36,536,'212-5610027','','http://www.voyeurevents.com',NULL,NULL,4,'2009-06-08',0),(456,'Xplicit Events NY','Upscale swingers parties in NYC','',36,536,'','','http://www.myspace.com/xpliciteventsny',NULL,NULL,3,'2009-07-25',0),(457,'Blue Ridge Socials','New Club in The Asheville NC Area','',37,554,'704-867-2886','','',NULL,NULL,3,'2009-09-19',0),(458,'Carolina Friends','Carolina Friends - Lifestyle Events in NC & SC','',37,556,'704-926-1514','','http://www.carolinafriends.com',NULL,NULL,3,'2009-07-13',0),(459,'Central Carolina Connections','We are an Alternative Lifestyle Social Club.','Burlington',37,NULL,'','','',NULL,NULL,4,'2009-09-01',0),(460,'couples-for-massage','couples weekend sensual & erotic massage','eastern',37,NULL,'','','http://couples-for-massage.com',NULL,NULL,4,'2009-09-16',0),(461,'Dr Ziggy','Sexuality information site important to swingers','greenville',37,562,'252-329-2830','','http://drziggy.com',NULL,NULL,5,'2009-06-29',0),(462,'FantasyNightsNC','Sexually Driven Club For Couples & Females','Cornelius',37,NULL,'','','',NULL,NULL,2,'2009-06-06',0),(463,'For your eyes only','very laid back and relaxed club','Kings mountain',37,NULL,'704-678-5598','','',NULL,NULL,1,'2009-09-12',0),(464,'Forbidden Fruitz','Forbidden Fruitz','Reidsville',37,NULL,'336-510-4258','','',NULL,NULL,3,'2009-08-29',0),(465,'Greensboro\'s Original PDC','Energetic, Original and Sexual','',37,561,'','','http://www.pdcclub.com',NULL,NULL,4,'2009-06-06',0),(467,'Laid Back Bed and Breakfast','Swinger Lifestyle friendly bed & breakfast','Central North Carolina',37,NULL,'919-663-1422','','',NULL,NULL,2,'2009-08-02',0),(468,'Magical Sinsations','Off Premise Parties at a First Class Hotel','Kernersville',37,NULL,'(336) 996-7927','','http://www.sdc.com/sitemap/swingersclubinformation.htm',NULL,NULL,2,'2009-08-11',0),(469,'You Know Where','Open every Saturday night from 9pm - 3am','Erwin',37,NULL,'919-247-0548','','http://www.YouKnowWhereNC.com',NULL,NULL,2,'2009-09-22',0),(470,'B.K.C.','On-premise member only adult lifestyle social club','',44,622,'401-274-3700','','http://www.b-k-c.com',NULL,NULL,3,'2009-08-05',0),(471,'Gspot','The Number One Meet & Greet Swingers Night Club','',44,622,'401 490 3980 (sat)','','http://www.ClubGspotRI.com',NULL,NULL,1,'2009-09-12',0),(472,'Enticing Couples','Enticing Couples - Lifestyle done right!','',45,625,'803-739-8820','','',NULL,NULL,5,'2009-08-15',0),(473,'NSA Swing','Swingers community in NC and SC','Myrtle Beach',45,NULL,'843-602-0160','','',NULL,NULL,1,'2009-08-01',0),(474,'Playcate Couples Convention','Playcate\'s Lifestyle Couples Convention','Myrtle Beach',45,NULL,'8772168820 toll free','','http://www.playcate.com',NULL,NULL,1,'2009-06-02',0),(475,'Southern Reserve','On premise fun in the Charleston Area!!','Summerville',45,NULL,'(877) 216-8820','','http://www.southernsocials.com/charleston.htm',NULL,NULL,1,'2009-08-05',0),(476,'The Foothills Club','Party every 2nd Saturday of the month','Spartanburg',45,NULL,'864-266-4733','','http://www.thefoothillsclub.com',NULL,NULL,3,'2009-06-23',0),(477,'The Xanadu Club of Greenville','Known as the Finest Lifestyle Club in the South','',45,626,'828 384 1855','','',NULL,NULL,2,'2009-06-14',0),(478,'Elkhorn Inn','Available Exclusively for Lifestyle Parties','Landgraff',54,NULL,'','','http://www.elkhorninnwv.com/elkhorninnwv_lifestyle.html',NULL,NULL,2,'2009-07-23',0),(479,'Mid Ohio Valley Birdcage','We are an on-premise, BYOB club','Mineral Wells',54,NULL,'304-489-1555','','http://mov-birdcage.com/',NULL,NULL,2,'2009-08-22',0),(480,'Northern Delights','It is an adult social club for people with sexually open attitudes and relationships. They host private house parties and other exciting events for adults who want to get together and have fun in a discreet, no-pressure environment. Membership in the club is by invitation and is open to couples, women and select single men. Contact them by email for detailed information.','Anchorage',2,NULL,'','admin@northerndelights.org','http://www.northerndelights.org/',NULL,NULL,3,'2009-09-24',0),(481,'Alamo City Rendezvous','The hosts of Alamo City Rendezvous seek to provide a venue for the Lifestyle community in the San Antonio area. They host the best parties at the most reasonable contribution to friends in the lifestyle. Club allow a very limited number of SPONSORED single gentlemen into parties. Any unsponsored single gentlemen interested in our future parties need to attend one of meet and greets.','',48,678,'','info@alamocityrendezvous.com','',NULL,NULL,5,'2009-09-08',0),(482,'Behind Closed Doors Texas','This is the private couples only club residing on 30 acres and have plenty of room for campers.','Myrtle Springs',48,NULL,'903-293-4116','behindcloseddoorstexas@yahoo.com','http://behindcloseddoorstexas.com/',NULL,NULL,2,'2009-06-14',0),(483,'Club Larry, Live Oak Resort','Lifestyle-Friendly, Clothing-Optional Resort, nestled in the rolling hills between Navasota and Brenham. Special events and parties with accent on nudity, but on-premises allowed as it\'s a resort, and there is a lot of space and guestrooms.','9751 Lone Star Rd.\r\nWashington',48,NULL,'936-878-2216','liveoakresort@yahoo.com','http://www.liveoakresort.com/',NULL,NULL,4,'2009-07-01',0),(484,'ClubMinx','Alternative Lifestyle Club in Wichita Falls giving opportunity to people get together on Swingers\' parties, events with lots of fun and sexy contests. Off-premises only.','Wichita Falls',48,340,'','admin@clubminx.net','http://www.clubminx.net/',NULL,NULL,4,'2009-08-16',0),(485,'Cupids Country Castle Bed & Breakfast','Situated on 28 acres, Cupids Country Castle Bed and Breakfast decribes itself as a romantic gateway, but they gladly host swingers\' events and into the Lifestyle.','597 County Road 1006\r\nWolfe City',48,NULL,'903-496-2986','stay@cupidscountrycastle.com','http://www.cupidscountrycastle.com/',NULL,NULL,1,'2009-07-30',0),(486,'Dante\'s Passionate Jungle','Swingers\' parties in different locations with DJs, bonfire, dancers, adult videos and On-Premises! See the site for parties\' photos and info about coming events.','',48,641,'(512) 292-8884','dantespassionatejungle@yahoo.com','http://dantesjungleatx.com/',NULL,NULL,1,'2009-08-30',0),(487,'DFW Sexual Freedom','The Lifestyle Social Club with Mild (ordinary activities) and Wild (swinging) events. Last are often overnight with a morning breakfast, with dances and music, and can also be theme.','',48,649,'','dfw_sexual_freedom@yahoo.com','http://www.geocities.com/dfw_sexual_freedom/',NULL,NULL,2,'2009-06-13',0),(488,'Friends','Friends is open every Friday and Saturday night from 9 PM until 2 AM. It is open for couples and single ladies only, strictly a private club which do not serve alcohol. On-premises allowed.','',48,641,'(512)251-1199','info@austinfriends.com','http://www.austinfriends.com/',NULL,NULL,2,'2009-07-16',0),(489,'Great Expectations','On-premise BYOB clubwith a live DJ, Dance floor, Pool table, theater and two stages open to customers. On-site Security.','12901 Montana, El paso',48,651,'915  494 - 9833','rejkavic@excite.com','',NULL,NULL,4,'2009-07-28',0),(490,'Menage A\' Trois','Discreet, classy, B.Y.O.B. social club. Overnight parties, nudity and sexual activity on the premises.','Edinburg',48,NULL,'956-720-0132','matc3@live.com','',NULL,NULL,1,'2009-06-19',0),(491,'Pendulum Room','Off-premises club with no obligatory membership. Single men aren\'t allowed.','',48,658,'','info@pendulumroom.com','',NULL,NULL,4,'2009-07-26',0),(492,'Riverside Ranch Resort','An Adult Only Clothing Optional Resort with 22 acres of beautiful grounds is situated on the San Antonio River.','1238 CR 125, Elmendorf',48,NULL,'210-852-1748','','http://www.riversideranch.net/',NULL,NULL,5,'2009-07-26',0),(493,'Route 66 Swingers Club','Amarillo\'s premiere lifestyle club for couples and single ladies. Some parties have themes and some are just dance socials.','',48,639,'806-352-3070','mac-monica@route66swingersclub.com','http://route66swingersclub.com/Home_Page.html',NULL,NULL,3,'2009-07-18',1),(494,'SECRETS TOO','Off-premise social club with exciting parties.','',48,653,'9740 camp bowie west','johnny@secretstoo.com','http://secretstoo.com/',NULL,NULL,4,'2009-08-05',0),(495,'Somewhere','A Members Only alternative lifestyle club, where curious, like minded couples and single females and select single guys can meet, dance, socialize and have a great time together. Single guys allowed. BYOB.','Springtown',48,NULL,'','owner@clubsomewhere.com','http://clubsomewhere.com',NULL,NULL,1,'2009-07-22',0),(496,'South Texas Swingers','Off-premise club with frequent parties, free of charge.','Mission',48,NULL,'','elkyforme@yahoo.com','http://www.sotexswingers.com/',NULL,NULL,1,'2009-09-01',0),(497,'Swingtown Dallas Style','On premise private house parties.','Sherman',48,NULL,'','info@swingtowndallasstyle.com','http://www.swingtowndallasstyle.com/',NULL,NULL,1,'2009-09-08',0),(498,'Texas Bi-Wives Club','Multistate club with a parties for bisexual females and their partners.','',48,649,'','admin@biwivesclub.com','http://www.biwivesclub.com/',NULL,NULL,1,'2009-07-25',0),(499,'The Four Horsemen Of Extacy','BYOB club allowing resticted number of single men to their parties. On-premise.','',48,660,'','admin@thehorsemenofextacy.com','http://thehorsemenofextacy.com/',NULL,NULL,2,'2009-06-28',0),(500,'The Naughty Forest','Saturday night parties, on-premises. BYOB, food and setups.','Dallas Fort-Worth',48,649,'214-783-6520','e_specht@comcast.net','http://www.naughtyforest.com/',NULL,NULL,4,'2009-07-01',0),(502,'West Texas Social Club','BYOB events with appetizers and suggested donations. Off-premises.','West Texas, Abilene',48,638,'','WESTTEXASSOCIAL@YAHOO.COM','http://westtexassocial.synthasite.com/',NULL,NULL,1,'2009-06-16',0),(503,'Avalon','On-premise club for local swingers.','',48,651,'','clubavalonneeptx-owner@yahoogroups.com','http://groups.yahoo.com/group/clubavalonneeptx',NULL,NULL,4,'2009-08-14',0),(504,'Area 385','On-premises areas, BYOB, single guys allowed. Donations. Dance pole and dance cages, DJs and entertainment.','',48,671,'','area385@yahoogroups.com','',NULL,NULL,1,'2009-09-27',0),(505,'East-Texas Swingers','Sexy parties with DJs, buffet, dance stages and hot tubs!','',48,682,'318-208-2284','east-texas_swingers@yahoogroups.com','http://groups.yahoo.com/group/east-texas_swingers/',NULL,NULL,4,'2009-07-14',0),(506,'N.E.A.A.L','NEAAL SETS THE STANDARD FOR EXCELLENCE IN DEBAUCHERY AND DECADENCE - No Alcohol parties.','',48,649,'214 669 1003','MsDawn@msdawn.com','http://groups.yahoo.com/group/N_E_A_A_L/',NULL,NULL,2,'2009-09-16',0),(507,'Sherman Swingers','Swinger parties for locals. To sign up, your photo is required.','Sherman',48,NULL,'903 209 6006','kinky75090@yahoo.com','http://groups.yahoo.com/group/ShermanSwingers2/',NULL,NULL,2,'2009-07-09',0),(508,'The Couple\'s Place','This group is very strict about rules: you must meet hosts in person to prove that you are actual couple.','',48,651,'','sunhiwood@yahoo.com','http://groups.yahoo.com/group/thecouplesplace',NULL,NULL,4,'2009-07-16',0),(509,'The Lonestar Swingers','Group of local swingers setting up house parties.','Terrell',48,NULL,'','longandhard59@yahoo.com','http://groups.yahoo.com/group/TheLonestarSwingers',NULL,NULL,5,'2009-06-09',0),(510,'The Meadows of East Texas','Club based parties and optional-clothing resort.','East Texas (between Dallas and Shreveport and between I-20 and I-30)',48,352,'903-734-6070','sxfru@aol.com','http://groups.yahoo.com/group/easttexasmeadows',NULL,NULL,1,'2009-09-29',0),(511,'North Alabama Social Club','A new club with fantastic light show, sound system, huge dance floor, and three dance cages, 2 levels. Monthly parties, Off premise facility, cash bar with beer and wine coolers, and finger foods available.','',1,5,'','nalsocialclub@aol.com','',NULL,NULL,5,'2009-09-04',0),(512,'Fantasies','A party house is set up to meet almost everyone\'s needs with an area for meet & greet with music & dancing; playtime rooms for couples, groups, & voyeurs; areas for watersports & outdoor play.','',1,746,'','sweetreat6942@yahoo.com','http://www.geocities.com/sweetreat6942',NULL,NULL,4,'2009-07-06',0),(513,'Southern Dreamz Socials','Exclusive social club that caters to the swinger lifestyle. Private house. BYOB + donations.','3701 Riviere DuChien Road in Mobile',1,6,'251-709-9005','cara2play@yahoo.com','http://www.southerndreamzsocials.com/',NULL,NULL,5,'2009-06-03',0),(514,'South Alabama Kinky Karaoke','Bi-weekly meetups for everybody in a non threatening atmosphere, no charge.','',1,6,'','twiztedangel39@yahoo.com','http://groups.yahoo.com/group/southalabamakinkykaraoke/',NULL,NULL,3,'2009-07-30',0),(515,'L.A.Social Club','Social club with monthly meet-ups.','',1,3,'','cpleprise@yahoo.com','http://groups.yahoo.com/group/LASocialclub/',NULL,NULL,2,'2009-06-08',0),(516,'North Alabama Elite','Safe and comfortable atmosphere for a couples into the Lifestyle.','',1,742,'256-654-0623','Ceyphill@Yahoo.com','http://groups.yahoo.com/group/TheNorthAlabamaElite/',NULL,NULL,1,'2009-08-25',0),(517,'205undercoverfreaks','Very private group for swingers.','',1,1,'','Thick_andtasty@yahoo.com','http://www.205undercoverfreaks.ning.com/',NULL,NULL,1,'2009-09-27',0),(518,'Sinsations Of Alabama','On-premise events for couples only.','',1,744,'205-275-3776','dr_everything@bellsouth.net','http://groups.yahoo.com/group/SinsationsOfAlabama/',NULL,NULL,4,'2009-09-07',0),(519,'Jeff Pleasures','Club for couples and single guys.\r\n','',1,1,'(205)529-6002','jeff_pleasure@yahoogroups.com','http://groups.yahoo.com/group/jeff_pleasure',NULL,NULL,5,'2009-08-15',0),(520,'AMERICAN SELECT SOCIALS','Parties for swingers and fetishists. Food, DJs, theme dances.','',1,1,'334-546-2019','freaksontheloose@yahoo.com','http://www.americanselectsocials.webs.com/',NULL,NULL,5,'2009-09-26',0),(521,'SWEET SPOT PARTIES','Swingers sex parties in a local hotel, BYOB.','',1,743,'','sweetbamanjayhova@yahoo.com','http://groups.yahoo.com/group/SweetSpotParties/',NULL,NULL,1,'2009-08-06',0),(522,'Adult Theater Play','Meeting and sex in adult theaters and bookstores.','',1,1,'205-380-8321','mark-christine@charter.net','http://groups.yahoo.com/group/Adult_Theater_Play',NULL,NULL,5,'2009-06-26',0),(523,'SEAL - South Eastern Alternative Lifestyle','Swingers and fetish club with crazy sex parties, gangbangs. No single guys allowed.','Foley',1,6,'','groupseal@yahoo.com','http://groups.yahoo.com/group/ALSEAL/',NULL,NULL,1,'2009-06-01',0),(524,'Southern Passions','On-premises members only club with montly theme parties and crazy overnights. For couples only.','',1,742,'','djmike@hiwaay.net','http://groups.yahoo.com/group/Southernpassions/',NULL,NULL,4,'2009-09-05',0),(525,'Dothan Adult Couples','Social club for swingers.\r\n','',1,3,'','cowboynturtle@yahoo.com','http://groups.yahoo.com/group/SLSDothanmeetgreet/',NULL,NULL,3,'2009-08-02',0),(526,'Birmingham Area Swingers Society','Meetups in restaurants twice a week, just to keep in touch and meet others interested in the Lifestyle.','',1,745,'205.223.1363','bi_kinky_bham_cpl@yahoo.com','http://groups.yahoo.com/group/bassswingers/',NULL,NULL,2,'2009-07-17',0),(528,'SWINGERSINAZ','Restaurant meetups for swingers - more than 200 guests attending. No registering needed.','',4,17,'','azqt_rugged@yahoo.com','http://azqt2000.powweb.com/id7.html',NULL,NULL,5,'2009-06-22',0),(529,'Tease Party','Hot and erotic club setting without the concerns of dealing with unwanted pressure from single men. More intimate encounters at the many after parties hosted throughout the remainder of the evening.  Discounted rooms at nearby hotels are available depending on the venue. Tease is private and by referral only. ','',4,19,'','love2play2gether@yahoo.com','http://www.tease-party.com/',NULL,NULL,5,'2009-08-04',0),(530,'My Secret House Party Club','Private house parties, BYOB.  An outdoor pool and Jacuzzi, pool table, stripper\'s pole and \"play rooms\" are just part of the fun. A \"hottest couple\" and \"sexiest outfit\" contest will be held, for free entrance to future parties.','',4,12,'480.993.9599','mskinkyt@gmail.com','http://www.mysecrethouse.com/',NULL,NULL,4,'2009-08-01',0),(531,'Swingerotica','BYOB club for socializing and meeting new and exciting people.','',4,16,'','cinderellatease@yahoo.com','http://www.swingerotica.net/',NULL,NULL,4,'2009-07-13',0),(532,'Arizona Lifestyle\'s','Public bar meetups with no nudity, totally off-premises.','',4,18,'602-628-5243','azroticcpl@yahoo.com','http://www.arizonalifestyles.org/',NULL,NULL,5,'2009-07-25',0),(533,'Arizona Latin Swingers','Interact with other people in the Swinging Lifestyle in an upscale, exclusive, private Hotel Suite. Once a month. Single men aren\'t allowed.','',4,19,'480 612 3145','sexorico@azlatinswingers.com','http://www.azlatinswingers.com/',NULL,NULL,1,'2009-09-21',0),(534,'Pandoras Play House','Club was closed and doesn\'t exist nowadays!!!\r\n\r\nWebsite of hostess of toy and swingers parties.','',4,751,'','','',NULL,NULL,2,'2009-09-03',0),(535,'Girls bi The PlayGround, Arziona Style','ring\'n Swing\'n Back, In A Brand New Way 2 ARIZONA. Club for bisexual women, guys allowed if accompanied by a bisexual lady.','',4,752,'623 977 2015','carlette12@yahoo.com','http://groups.yahoo.com/group/girlsbitheplaygroundazstyle',NULL,NULL,5,'2009-08-05',0),(536,'Couples4couples','For local swingers couples.','',4,753,'','couples4couplesclub@yahoogroups.com','',NULL,NULL,1,'2009-08-03',0),(537,'Phoenix Lifestyle','Couples, single women and single men meet, share ideas, and most importantly, get together to share sexual pleasure.','',4,18,'','eastvalleyswinger@yahoo.com','http://groups.yahoo.com/group/Phoenix_Lifestyle/',NULL,NULL,1,'2009-06-09',0),(538,'Westside Social Club','A Social group in the West Valley where fun couples can come and get to know each other.','',4,753,'','coupleinsurprise@cox.net','http://groups.yahoo.com/group/westsidesocialclub',NULL,NULL,4,'2009-09-24',0),(539,'Az-Bi-Couples','A group for Bi couples-(meaning that both of you are bi or bi friendly) this group is for married or longterm couples. Single males will only be allowed in the group if they are verified bi a couple. Meetups and house on-premises parties. ','',4,754,'','djjblu@yahoo.com','http://groups.yahoo.com/group/azbicouples/?yguid=255879623',NULL,NULL,3,'2009-08-28',0),(540,'ArizonaHeat','Clothing optional pool parties and hot tub fun. Fun for all sizes and shapes. NO SINGLE MALES! Parties are held in a private residence with heated pool, hottub, swing, sybian. Make some life long friends and share some INTIMATE, FUN, nights of adventure. ','',4,22,'928 -342-1830','agilchr935@aol.com','http://groups.yahoo.com/group/ArizonaHeat2',NULL,NULL,5,'2009-07-26',0),(541,'Arizona Fun Seekers','Swingers parties.','',4,18,'','bibbwchick2003@yahoo.com','http://groups.yahoo.com/group/AzFunSeekers2/',NULL,NULL,1,'2009-07-23',0),(542,'JP_JUSTPARTIES','JPJustParties are not just for couples. JPJustParties welcomes discreet sincere single males and females. Parties are always held in a comfortable hotel.','',5,26,'','JP_JUSTPARTIES@yahoo.com','http://www.jpjustparties.com/',NULL,NULL,4,'2009-09-06',0),(543,'LR Passion Club','A Lifestyle group of committed couples and select singles who host a monthly party.','Liitle Rock',5,26,'','lrpassionclub@yahoo.com','http://www.lrpassionclub.com/',NULL,NULL,5,'2009-09-11',0),(545,'Twist','Twist is a private party which caters to lifestyle couples who wish to share adult intimacy in the San Francisco Bay Area. Twist party does NOT accept to single males. Open Friday and Saturday.','San Francisco Bay Area',6,142,'415.812.7221','lana@twist-sf.com','http://www.twist-sf.com/',NULL,NULL,5,'2009-08-16',0),(546,'clubXpressions','Bi-monthly parties and events fpr swingers.\r\n','',5,24,'','clubxpressions@yahoo.com','http://groups.yahoo.com/group/lsclubxpressions/',NULL,NULL,3,'2009-07-24',0),(547,'Club Romance Kinky Partiers','Monthly sex parties for adults.','',5,758,'','rushken@alltel.net','http://groups.yahoo.com/group/C_R_P_G/',NULL,NULL,1,'2009-06-18',0),(548,'Paradise Parties','Meet others in NE Arkansas and surrounding areas for alternative lifestyles.','',5,759,'','paradise_parties@yahoo.com','http://groups.yahoo.com/group/paradise_parties/',NULL,NULL,4,'2009-06-14',0),(549,'The New Double Diamonds Swingers Connection','Friendly swingers club.','',5,24,'479-561-0583','jamesgowin3112@gmail.com','',NULL,NULL,2,'2009-09-16',0),(550,'Fun For Swingers','Off-premise parties.','',5,760,'501-743-1091','papakool43@yahoo.com','http://groups.yahoo.com/group/swingersforfun2007/',NULL,NULL,5,'2009-09-19',0),(551,'Arkansas Adult Friends and Fun','Group for setting up relation between local swingers.','',5,761,'','arkansas_adult_friends_and_fun@yahoogroups.com','http://groups.yahoo.com/group/arkansas_adult_friends_and_fun/',NULL,NULL,3,'2009-07-10',0),(552,'Fantasy Delights','A place for all swingers, all races, all sizes, all interests, free thinking, open minded adults in the state of ARKANSAS AND SURROUNDING AREAS IN THE USA to meet and have fun in a safe comfortable environment. ','',5,755,'','tigermystic5271@yahoo.com','http://groups.yahoo.com/group/Fantasydelights',NULL,NULL,2,'2009-08-10',1),(553,'River Valley Couples Club','A party group 4 REAL and ACTIVE swinging couples and couple friendly bi-females in the River Valley Area Fort Smith, Arkansas.\r\nThese guys say that they are group of active swingers. Both couples and friendly females living around River Valley.\r\nTo get more information, you need to register first. It might worth it if you\'re looking for lots of swingers (up to 150 to 200 people attending each month).','River Valley Area Fort Smith',5,24,'','tuzfun3zbetr@yahoo.com','http://groups.yahoo.com/group/RiverValleyCoupleClub/',NULL,NULL,2,'2010-01-22',0),(554,'Couples Night Only','A Lifestyle friendly couples social group hosts meet and greet type of events around the Sacramento area on Friday nights. These events usually have 30-40 lifestyle couples out foe a fun night of dancing.','Sacramento\'',6,137,'916-676-6025','couplesnightonly@yahoo.com','',NULL,NULL,2,'2009-08-07',0),(555,'W.E.T. ~ Wine En Tease','Posh and huge on-premise settings for private swingers parties. No single guys.','',6,134,'951-236-0301','maryann@wineentease.com','http://www.wineentease.com/',NULL,NULL,5,'2009-09-21',0),(556,'Erotic Garden Swing Club','BYOB private house parties with good food, spas, natural setting and lots of entertainment.','Rio Linda',6,NULL,'916-548-8102','eroticgarden@live.com','http://www.aeroticgardens.com/',NULL,NULL,2,'2009-06-24',0),(557,'Club Climax','An Alternative Lifestyle club offering monthly \"theme\" dances. We offer a comfortable atmosphere for sexy dress where couples & single ladies can make new friends in a safe, sexually charged atmosphere.','Los Banos',6,NULL,'209-484-4294','club.climax@yahoo.com','http://www.clubclimax.org/',NULL,NULL,4,'2009-09-10',0),(558,'EbonySwingers','Club invites interracial couples, BBWs, and single ladies. This is a couples event, no single men. Dance and play areas.','',6,98,'310 946-1797','Mike@ebonyswingers.me','http://www.ebonyswingers.me/',NULL,NULL,3,'2009-09-20',0),(559,'Club FA','Sexy couples and single ladies in a very friendly environment surrounded by great music, state-of-the-art, sound and lighting and B.Y.O.B. bar. On-premise swinger facilities. ','',6,139,'909-887-8757','info@clubfa.com','http://www.clubfa.com/',NULL,NULL,5,'2009-08-11',0),(560,'THE408CLUB','Off premise lifestyle socials. Single men are not permitted.','',6,143,'','emailustotalk@yahoo.com','http://www.the408clubparties.com/',NULL,NULL,3,'2009-08-20',0),(561,'the toy box','An adult club that is devoted to the lifestyles, on-premises.\r\n','Menifee',6,NULL,'951-760-5668','stm30056@aol.com','http://toysarefun.org/',NULL,NULL,3,'2009-08-13',0),(562,'Illusions Social','A members only erotic adult social club for couples and single females who want to interact and explore their most intimate sexual desires in a safe NO pressure environment.','',6,74,'','illusionssocial@comcast.net','http://www.illusionssocial.com/',NULL,NULL,3,'2009-07-12',0),(563,'Club Taboo','Everybody welcomed to this private home. On-premises, BYOB (not allowed to single guys).','',6,55,'909-636-3415','clubtaboo1@aol.com','http://www.clubtaboo.info/',NULL,NULL,2,'2009-07-15',0),(564,'Latin Swingerz Party Club','Latin couples, single women and selected single men invited to private house parties.\r\n','San Gabriel Valley',6,NULL,'','latinswingerzpartyclub@yahoo.com','http://www.latinswingerzpartyclub.com/',NULL,NULL,5,'2009-07-06',0),(565,'MsTiff\'s SwingTimeParties','Parties held in hotels and rarely, the private homes, in and around Los Angeles, Orange County, The Valley, and occasionally into San Diego and Las Vegas areas. BYOB on-premise parties with 20 people max (restricted number).\r\n','',6,44,'310 384-8928','mstiff@mstiffsweb.com','http://mstiffsweb.com/swingtimeparties.html',NULL,NULL,4,'2009-09-11',0),(566,'SD Swingers Party','\"TOYROOM\": a excellent sex swing (don\'t be shy will hold up to 400#\'s); slave bench for a hot ride or spanking; ropes; floggers; and blindfolds and a queen size bed to experience a new exciting level. Priavte room and No Lights Room. also Glory Hole. BYOB, setups and snacks.\r\n','',6,141,'','info@sdswingersparty.com','http://www.sdswingersparty.com/',NULL,NULL,2,'2009-07-15',0),(567,'WCSS House of Desire','House of Desire is a place where you can explore your sensuality in a safe, clean, no pressure atmosphere.  A place for couples and single women to dance, laugh and meet new and exciting people.','',6,157,'818-356-6699','questions@westcoastsocialsociety.com','http://westcoastsocialsociety.com/',NULL,NULL,3,'2009-07-21',0),(568,'Events4SoCal','Events in public venues, off-premise. Music and DJs.\r\n','Murrieta',6,NULL,'(951) 440-7991','info@events4socal.com','http://www.events4socal.com/',NULL,NULL,1,'2009-07-05',0),(569,'SoCalBis','This is a social club for hedonistic, bisexual women, men, couples, transgenders, transvestites, hermophrodites, and others. Social gatherings, discussion groups, and very liberal parties in the Los Angeles area.','Van Nuys',6,NULL,'','polybi5@yahoo.com','http://socalbis.tripod.com/',NULL,NULL,1,'2009-09-16',0),(570,'Primal Pleasure Party','Takeover parties and events are designed to cater to those experienced couples looking for a unique and exciting play space or unique venue.','',6,73,'','Hosts@PrimalPleasureParty.com','http://www.primalpleasureparty.com/',NULL,NULL,1,'2009-07-16',0),(571,'Fusion Parties','On premises, private house parties.','',6,113,'760-717-3732','staff@fusionparties.net','http://fusionparties.net/',NULL,NULL,2,'2009-08-06',0),(572,'Carousel Connection','A members only social dance club for open-minded couples and single females.  It is a club for not only those in the lifestyle of swinging, but also those entertaining the thought.   ','',6,137,'(916) 649-3941','info@carouselconnection.com','http://www.carouselconnection.com/',NULL,NULL,5,'2009-06-25',0),(573,'Tangerine\'s Dream','On-premise parties with an accent on couples.\r\n','',6,143,'408-410-9137','tangerine@tangerinesdream.com','http://www.tangerinesdream.com/',NULL,NULL,3,'2009-09-26',0),(574,'Bottom\'s Up Club','A Social Club for Swingers where all your sexual desires can come to life.','',6,161,'','stksxycpl@yahoo.com','http://www.thebottomsupclub.net/',NULL,NULL,4,'2009-08-14',0),(575,'Sexyswaps','No single men allowed on these swingers parties with music, dancing, drinks and food.\r\n','Arleta',6,NULL,'818-317-3560','sexy_swaps@yahoo.com','http://www.sexyswaps.net/',NULL,NULL,3,'2009-07-18',0),(576,'Charmers Connections','An elite, erotic social club with SEXY couples, single women, and a few (highly screened) single males.  The house party is held in a 3,000+ square foot beautiful private home in the Sacramento Area. There is a dance floor with a dance pole, disco lighting and professional DJ, 4 spacious semi-private play rooms and a private room,  various separate group/social areas, a nice snuggly outdoor firepit, a swimming pool surrounded by flames of tiki torches, a relaxing spa with fragrant bubbles. This is a fully catered affair with delicious appetizers and delectable desserts. All events are BYOB.','Rocklin',6,NULL,'','charmur_68@yahoo.com','http://www.charmersconnections.com/',NULL,NULL,1,'2009-08-01',0),(577,'Tulare County Swingers',' A place for couples/singles (men and women) who enjoy playing in the area, local private parties and just getting together for adult fun. Once a month social at local bars/restaurants or private home.','',6,174,'','TulareCountySwingers@comcast.net','http://home.comcast.net/~tularecountyswingers/site/',NULL,NULL,5,'2009-06-23',0),(578,'IESwing','A discrete and private events for people to attend and enjoy in a smaller, more controlled atmosphere of fun and pleasure between like-minded lifestyle enthusiasts.','',6,134,'','Info@IESwing.com','',NULL,NULL,3,'2009-08-26',0),(580,'Decadence Party','Decadence was created for sexy couples to meet and mingle in a warm and friendly environment. The emphasis is on social interaction, as well as sexual play.\r\n','San Ramon',6,NULL,'','hosts@decadenceparty.com','http://www.decadenceparty.com/',NULL,NULL,3,'2009-06-03',0),(581,'The Manor','Live DJ, great international Buffet, and very sensual play areas.','1116 Chelsea Ave Santa Monica',6,98,'(310) 450-1748','','http://www.themanorla.com/','34.035713','-118.480286',3,'2009-06-01',0),(582,'DreamCatchers','A private membership social and dance club open to couples and select singles in the Central Valley area of California. An upscale dance social with complimentary hors d\'oeuvres, great DJ and dance music, dance poles and a new dance floor. ','Manteca',6,NULL,'707-425-7290','DreamCatchersFun@aol.com','http://www.eroticcouplesclub.com/',NULL,NULL,2,'2009-09-04',0),(583,'ADV8 Swingers Club','On-premises parties for couples, BYOB.\r\n','Orange County',6,115,'1-800-450-4702','adv8@partywithnorm.com','http://www.partywithnorm.com/',NULL,NULL,1,'2009-08-22',0),(584,'FUC Club','Weekly sex parties for couples and single females.\r\n','',6,98,'','fucclub@yahoo.com','http://www.whatisfucclub.com/fucframeset.html',NULL,NULL,5,'2009-08-09',0),(585,'Foothill Friends For Fun Club','Group for local swingers couples.\r\n','Covina',6,NULL,'','be_playful@rocketmail.com','http://www.geocities.com/be_playful.rm/FoothillFriends4Fun_CLUB.html',NULL,NULL,5,'2009-07-17',0),(586,'Sex Outside the City','Private house parties in the East Bay. We provide an intimate, bi-friendly setting for people to play and explore.','',6,172,'','hostess@sotcparty.com','',NULL,NULL,3,'2009-07-11',0),(587,'Flirt Parties','Off-premise club with theme erotic parties for beautiful swingers.\r\n','',6,74,'','info@flirtparties.net','',NULL,NULL,5,'2009-07-19',0),(588,'The Personal Contact Group','A \"lifestyle\" group for couples only. Ages range from 30\'s - 50+ and the people come in all sizes, shapes, races and nationalities.','',6,31,'800-760-3253','frankandjennifer@personalcontactgrp.com','http://www.personalcontactgrp.com/',NULL,NULL,5,'2009-06-13',0),(589,'Sindulgences',' A pansexual membership-based BDSM group that hosts social, educational (classes, workshops and demonstrations), charitable and play events in the Sacramento area. ','',6,126,'','Cat@sindulgences.com','',NULL,NULL,5,'2009-09-29',0),(590,'The Country Club','A private and exclusive membership-only club nestled on 27 acres in the Santa Monica Mountains - Malibu, California.  We will be open one Saturday of every month, starting at 9:00 pm, to host a Lifestyles party for attractive, couples and like single ladies. No single men are allowed.  Membership is required. ','Malibu',6,NULL,'310 589-8311','thecountryclub@msn.com','http://www.theonlinecountryclub.com/',NULL,NULL,3,'2009-09-11',0),(591,'VIP Productions SF','From sexy soirees to total nights of debauchery. On-premise club for couples and single females.','',6,142,'(415) 527-2707','sj@vipproductionssf.com','http://www.vipproductionssf.com/','37.758841','-122.437220',4,'2009-09-18',0),(592,'Playful Encounters','Bi-weekly gathering known as Meet N Greet in a central area (N. Hollywood) night club. This is a new state-of the art night club with a fully stocked bar, beautiful waitresses, friendly staff, and lights and sounds to keep you pumping and humping all night long. ','North Hollywood',6,NULL,'(714) 277-4542','allswingers@playfulencounters.com','http://www.playfulencounters.com/',NULL,NULL,2,'2009-07-02',0),(593,'Day Players','Hot daytime socials are at very private, classy and upscale venues in the heart of the San Francisco Bay Area on a Friday, Saturday or Sunday afternoons sometimes leading into the evening. A fun, safe and discreet place to meet other like-minded couples, bisexual and straight females and select straight males.','Bay Area',6,NULL,'415.652.9743','funbudsfunbuds@yahoo.com','http://www.dayplayersparties.com/',NULL,NULL,3,'2009-08-30',0),(594,'Attraction Events','Mixers, Private Takeovers & Private On-Premise Parties.','',6,129,'','nfo@attractionevents.net','',NULL,NULL,1,'2009-09-17',0),(595,'Inland Elegance','Private house parties once a month.  A live DJ, dancing, socializing, snacks and rooms for those who want to play.  ','',6,106,'','Inlandelegance@yahoo.com','http://inlandelegance.com/',NULL,NULL,4,'2009-06-04',0),(596,'Secret Desires','Meet N Greets Once a Month.','',6,134,'951-892-4276','secretdesires0869@yahoo.com','http://www.secretdesiresparty.com/',NULL,NULL,4,'2009-08-13',0),(597,'Secrets Of The VAlley','A lifestyle premises party for couples and single ladies. The house is an upscale and secluded 4,500 sq. ft. private home. Guests enjoy a very sensuous environment designed for you to explore your fantasies. ','Newhall',6,NULL,'818-391-3534','parties@secretsofthevalley.com','http://www.secretsofthevalley.com/',NULL,NULL,3,'2009-06-28',0),(598,'Temple Synergy','Temple Synergy is a tantric healing epicenter with a new social networking site that is dedicated to making connections between all open-hearted individuals.','',6,155,'707)478-4801','info@templesynergy.com','http://templesynergy.com/',NULL,NULL,1,'2009-08-26',0),(599,'Lust Party','','',6,98,'818 266 3900','info@lustparty.com','',NULL,NULL,4,'2009-08-09',0),(600,'SCPS Parties','SCPS is exclusively produced for exceptional couples and and single ladies, so expect to meet classy, intelligent, sexy party people. It is a sensuous, tantalizing evening, with candles, cocktails,dancing, and intimate conversation.','',6,98,'310-497-5267','LeeA@SCPSParty.com','http://www.scpsparties.com/a',NULL,NULL,5,'2009-08-04',0),(601,'HideawayCouples','A unique and very private clothing-optional club designed for adults to enjoy the outdoors.','Running Springs',6,NULL,'909-936-2501','Hideaway@ThirdPath.com','http://www.hideawaycouples.com/',NULL,NULL,3,'2009-06-17',0),(602,'Tahoe Players','Small, intimate monthly dinner parties in Northern California and Nevada followed by free consensual sensual play.','Truckee',6,NULL,'530-587-1317','Somraj@TantraAtTahoe.com','http://www.tantraattahoe.com/tahoe-players/',NULL,NULL,4,'2009-09-20',0),(603,'Naughty Entertainment','The sexiest parties at the hottest venues in Los Angeles, from sexy nightclubs to secret private venues to anything-goes mansion parties','',6,98,'(800) 720-5509','getnaughty@naughtyent.com','http://www.naughtyent.com/',NULL,NULL,5,'2009-08-18',0),(604,'LA XXXPERIENCE','Events are primarily geared toward the sexual enjoyment of the ladies. 3,650 sqft two story 8 bedroom 3 bathroom residence located in Carson, CA. All 8 bedrooms are available for playing. There is a dance floor as well as a wet bar located on the bottom floor and a smoking area located outside.','',6,44,'','LAXXXPERIENCE@GMAIL.COM','http://www.laxxxperience.com/',NULL,NULL,1,'2009-06-10',0),(605,'Club Utopia','A full service restaurant and bar.  There will be a DJ and dancing there is and outdoor patio. With a lifestyle friendly crowd and staff.','3380 N. Tracy Blvd\r\n\r\nTracy',6,166,'209-832-0271','Clubutopia@yahoo.com','http://www.clubutopia69.citymax.com/',NULL,NULL,2,'2009-06-05',0),(606,'Cuckold Dreams','A clean, intimate and open-minded setting for people who love to play and explore cuckold fantasies. We host private, members-only cuckold parties.','San Francisco Bay Area',6,142,'','parties@cuckolddreams.com','http://www.cuckolddreams.com/',NULL,NULL,4,'2009-09-25',0),(607,'House of Kane','A group for sexy and edgy attractive couples, and single females with common erotic interests. No Single Males. Invitation Only parties, meet greets, and workshops are held at The House of Kane. ','Canoga Park',6,NULL,'','invitationonlysc@gmail.com','http://groups.yahoo.com/group/invitationonlysc',NULL,NULL,2,'2009-06-03',0),(608,'SOFT TOUCH','Meetups for ladies only, no men or couples allowed.\r\n','',6,98,'','wondertlicious@yahoo.com','',NULL,NULL,5,'2009-06-22',0),(609,'Whateverhappens_happens','Social gathering with a swinger twist, on-premises, bisexual or gay men unwelcomed.\r\n','',6,98,'424-207-8877','wondertlicious@yahoo.com','http://groups.yahoo.com/group/WHATEVERHAPPENS_HAPPENS',NULL,NULL,4,'2009-09-16',0),(610,'REALBBCLOVERSONLY','On premise parties in different cities, with couples, ladies and straight guys.\r\n','',6,142,'','dwayne_37@yahoo.com','http://groups.yahoo.com/group/REALBBCLOVERSONLY/',NULL,NULL,5,'2009-09-26',0),(611,'N\'Deavours by Maria','Interracial swinger sex parties.\r\n','San Diego, LA',6,141,'','NDeavoursbyMaria@aol.com','http://groups.yahoo.com/group/SwingatMariasNdeavours',NULL,NULL,5,'2009-08-09',0),(612,'Inland Empire Black Swingers','This is a club for people of color who want to swing and experience the lifestyle. The club is open to couples and single women.','',6,134,'','inlandempireblackswingers@gmail.com','http://groups.yahoo.com/group/inlandempireblackswingers',NULL,NULL,4,'2009-09-14',0),(613,'Porterville Sexual Encounters','Couples, single females and select single males (based on a ratio of single ladies to single men) are welcome.','Tulare County',6,NULL,'559-568-2676','ladyhawke82960@yahoo.com','http://groups.yahoo.com/group/PortervilleSexualEncounters/',NULL,NULL,4,'2009-09-28',0),(614,'OC Playmates','All race and size are welcome, Bi Fem\'s are Most WELCOME!','Orange County',6,115,'','bibbwteez@yahoo.com','http://groups.yahoo.com/group/OCPlaymates/',NULL,NULL,2,'2009-06-17',0),(615,'Kings of Swing','House parties for local swingers.\r\n','',6,97,'562 234 9026','bigjoe95952000@yahoo.com','http://groups.yahoo.com/group/kingsof-swing/',NULL,NULL,4,'2009-07-07',0),(616,'Heffnigga\'z House Of Pleasures','House parties, on premises.\r\n','',6,53,'','houseofpleazures.rsvp@yahoo.com','http://groups.yahoo.com/group/heffniggaerotica/',NULL,NULL,2,'2009-06-05',0),(617,'Erotic Couples Party','Private, on-premise house party for select, pre-screened, erotic couples. ','',6,137,'','eroticcouplesparty@yahoo.com','http://groups.yahoo.com/group/eroticcouplesparty',NULL,NULL,5,'2009-09-05',0),(618,'SWINGPHANATICS','Group for those addicted to the lifestyle.\r\n','',6,98,'32133318786','THICK14U2001@YAHOO.COM','http://groups.yahoo.com/group/SWINGPHANATICS/',NULL,NULL,4,'2009-06-13',0),(619,'No Flake Parties','Parties with SEXY, NASTY, SWEATY FUN!','Marina del Rey',6,NULL,'','jaysonoh@aol.com','http://groups.yahoo.com/group/noflakeparty/',NULL,NULL,5,'2009-06-13',0),(620,'celebrityswingersLA','Intended mainly for couples and single women to find out more about one of the oldest and largest lifestyles in the world. On-premises.\r\n','',6,87,'310 981 4741','celebrityswingersLA@yahoogroups.com','http://groups.yahoo.com/group/celebrityswingersla',NULL,NULL,3,'2009-09-30',0),(621,'SoCal SGB Events','Weekly swinger and gang bang parties in various venus in Southern California.','',6,139,'','socalsgbevents@live.com','http://groups.yahoo.com/group/IEgangbanggroup',NULL,NULL,1,'2009-08-15',0),(622,'SoCalCircus','Parties are clothing optional and all rooms are fair game to get busy. Three different kinds of parties - SWINGER PARTIES, ORGY PARTIES, and GANGBANG PARTIES!!! The SWINGER PARTIES are the mellowest of the three.\r\nSoCal Circus offers all swingers crazy parties twice a week - on Fridays and Saturdays, sometimes also on Mondays, even daytime. You need to bring your booze, toys, videos and all the stuff you might need. But parties are still good as they attract big and horny crowd, hungry for orgies, gangbangs and all kinds of fun. Singles are welcomed, especially guys for gangbangs - as this club boasts to have many ladies ready for hot non-stop sucking and fucking action. Nude guys and girls in classy lingerie, onsite action with lots of rooms to have fun in. No pressure but hot enviroment.','',6,114,'','SoCalCircus1@yahoo.com','http://groups.yahoo.com/group/socalcircus',NULL,NULL,1,'2009-08-09',0),(623,'Cricket Caper Lounge','Attention all crickets... this is where you want to play!','',6,36,'','cricketcaperlounge@yahoo.com','http://groups.yahoo.com/group/CricketCaperLounge',NULL,NULL,2,'2009-09-28',0),(624,'Naughty Gurlz Parties','A Lifestyle playground focused on swinging females in the classical Lifestyle tradition. We prefer small, intimate gatherings of women who enjoy each others\' company and, often times, the company of their mates.','Walnut',6,NULL,'6268242774','coseyncalif@yahoo.com','http://groups.yahoo.com/group/NaughtyGurlzParties',NULL,NULL,4,'2009-07-19',0),(625,'Girls Bi The Play Ground','Bi girls that just want to have fun, also invites couples, but the female must be bi or bi curious females. ','',6,98,'','carlette12@yahoo.com','http://groups.yahoo.com/group/GirlsBiThePlayGround54',NULL,NULL,5,'2009-09-21',0),(626,'PORTERVILLE SWINGERS','Monthly meet and greets and free house parties twice a year.\r\n','Porterville',6,NULL,'','wildnfuncpl2834@yahoo.com','http://groups.yahoo.com/group/PortervilleCaliforniaSwingers/',NULL,NULL,3,'2009-07-18',0),(627,'SwangnIT','A group uniquely designed for real Swingers and those who are getting into the LifeStyle.This group is not intended for Gay or Bisexual Men!','',6,98,'','SwangnIT2000@yahoo.com','http://groups.yahoo.com/group/SwangnIT/',NULL,NULL,2,'2009-08-08',0),(628,'San Diego Brunch Bunch',' A brunch is held at different local restaurants once a month.','',6,141,'','run2644@aol.com','http://groups.yahoo.com/group/SDSundayBrunch/',NULL,NULL,5,'2009-07-07',0),(629,'California Sweet Shop/Bakersfield Underground','This swingers house party is located in Bakersfield, CA. Parties are once, sometimes twice a month.','',6,36,'','qqueenaamy@yahoo.com','http://groups.yahoo.com/group/californiasweetshop/',NULL,NULL,2,'2009-09-02',0),(630,'Santa Barbara Social Club','SBSCs intent to hold monthly socials or Meet Greets(M&Gs). M&Gs allow members to come face to face with each other and to develop physical networks of friendship.','',6,149,'','Buenaventuracpl@yahoo.com','http://groups.yahoo.com/group/santa_barbara_social_club/',NULL,NULL,3,'2009-07-08',0),(631,'The View',' A place where all are welcomed no matter what age or race... A place where the sexual energy fills the entire house with lust and happiness...','Woodland Hills',6,NULL,'818-430-9012','the_view4you@yahoo.com','http://groups.yahoo.com/group/the_view4you',NULL,NULL,3,'2009-09-14',0),(632,'Fantasy Oasis','An environment where open minded couples can meet and interact in a relaxed comfortable atmosphere. ','',6,36,'','bakersfuncpl@yahoo.com','http://groups.yahoo.com/group/FantastyOasis/',NULL,NULL,2,'2009-07-12',0),(633,'Central Valley Adult Swingers','The house parties are at private residences and are open for couples, single females and select single males.','Porterville',6,NULL,'','JsAngel_2006@yahoo.com','http://groups.yahoo.com/group/CentralValleyAdultSwingers',NULL,NULL,1,'2009-08-11',0),(634,'Wild Roses','Confidentiality and privacy is always assured, BBW are most welcomed.','',6,116,'','b4ubutcme2@yahoo.com','http://groups.yahoo.com/group/Wild_Roses',NULL,NULL,2,'2009-07-19',0),(635,'Kandy Land','Adult social club where open minded couples can meet and interact in a comfortable enviornment. Kandy Land is for uninhibited open minded couples. Meet and play or just socialize with like minded couples.','',6,36,'','brute290@yahoo.com','http://groups.yahoo.com/group/kandyland/',NULL,NULL,1,'2009-09-03',0),(636,'CHASERS','Events and Venues for Lifestyle Couples and Single Females to Come Together and Have a Good Time!! Our Events range from parties, wine-tasting, dinners to support local restaurants, charity events, impromptu get-togethers, motorcycle rides and monday night football get-togethers. ','',6,163,'ChasersEvents at yahoo.com','','http://groups.yahoo.com/group/CHASERS_',NULL,NULL,5,'2009-09-11',0),(637,'Scuba Diving Swingers','Married or committed couples who enjoy Scuba Diving and Swinging. Meet like-minded people, find dive buddies, play partners and parties, and plan local or long distance trips','La Jolla',6,NULL,'','scubaswingers@yahoo.com','http://groups.yahoo.com/group/scubaswingers',NULL,NULL,1,'2009-08-27',0),(638,'HodadsnHootenannys','An Adult club that caters to Couples and Single Females. We try to provide venues, once a month for our members to meet and explore their own desires with like minded people. It is our intent to provide such a venue, that no matter who or what you look like you can be comfortable.','',6,98,'323-632-0539','wearehavingaparty@earthlink.net','http://groups.yahoo.com/group/Hodadsnhootenannys',NULL,NULL,4,'2009-06-21',0),(639,'SUGAR HILL','Hottest, horniest, and happiest swingers around. There are pigtails and panties, super Sundays, insatiable women, sexy daddies, long-legged beauties, wild wonderful people of all colors, bouncing breasts of all sizes, and crazy, sexy, nasty fun, fun, FUN! Sugar Hill is a place for real swingers. ','Woodland Hills',6,NULL,'818-430-2836','sugarhill4fun4all@yahoo.com','',NULL,NULL,1,'2009-08-03',0),(640,'San Diego Swingers Connection','Monthly events for people who are serious about the lifestyle. Activities focused on providing an atmosphere for meeting at socials and play parties.','',6,141,'','playsur2bewithu@hotmail.com','http://groups.yahoo.com/group/sandiegoswingersconnection/?yguid=216281483',NULL,NULL,1,'2009-07-22',0),(641,'Elizabeths Love Shack','Hosting house parties once a month.  Donations are taken and the party is BYOB. Couples and singles welcome. ','',6,126,'','elizabethsloveshack@yahoo.com','http://groups.yahoo.com/group/elizabethsloveshack/',NULL,NULL,5,'2009-09-13',0),(642,'Sacramento\'s Elite Couples','A group of elite couples made up of str8 males with str8 or bi females.','',6,137,'','elitefreeks3000@yahoo.com','http://groups.yahoo.com/group/sacramentoselitecouples/',NULL,NULL,4,'2009-07-25',0),(643,'Bi Curious Men Socal','A group for bi-curious men in Southern California. ','',6,97,'','i_curious_men_socal@yahoo.com','http://groups.yahoo.com/group/bi_curious_men_socal',NULL,NULL,4,'2009-08-03',0),(644,'Conejo Valley Swingers','Gathering at local clubs or bars for couples and bi-females who enjoy erotic encounters with others.','Agoura Hills',6,NULL,'','conejovalleyswingers-owner@yahoogroups.com','http://groups.yahoo.com/group/conejovalleyswingers',NULL,NULL,5,'2009-08-21',0),(645,'LA_SWINGERS','A place for swingers and bi females.\r\n','',6,98,'','bcd1234a2@yahoo.com','http://groups.yahoo.com/group/LA_SWINGERS/',NULL,NULL,2,'2009-07-08',0),(646,'AFFINITY PARTY','Pangaea Club In Ventura with a very sensually charged Atmosphere, \"This is not a Takeover\", there will be vanillas (regular) non-lifestylers there, we will have the private VIP room but we will share the dancefloor and regular club area, that means all naughtiness is off premise at a hotel, house, or car.','Ventura',6,NULL,'805-985-4667','SALSA4U69@VERIZON.NET','http://groups.yahoo.com/group/affinityparty',NULL,NULL,1,'2009-08-27',0),(647,'Young Swingers Party Group','Young swingers hosting hotel and house parties for sexy, attractive, and young swingers! Only for single females of all ages 18yr+ and cpls in their 20\'s and 30\'s.','Duarte',6,NULL,'626-230-8329','mexiasian4fun@yahoo.com','http://groups.yahoo.com/group/youngswingers4fun/',NULL,NULL,4,'2009-06-03',0),(648,'Sexcapade','Beaches, hot springs/tubbing, house parties, adult clubs.','Monterey Bay',6,NULL,'','Sexcapade-owner@yahoogroups.com','http://groups.yahoo.com/group/Sexcapade/',NULL,NULL,4,'2009-09-27',0),(649,'Club Paradise Socials','n online group for you to meet and get to know other likeminded people in the Central Valley. ','',6,74,'','clubparadise98@hotmail.com','http://groups.yahoo.com/group/clubparadisesocials/',NULL,NULL,2,'2009-07-04',0),(650,'The Temecula Underground','A place for local open-minded couples (freaky people) to find other local fun couples. ','',6,163,'','Temecula_Underground-subscribe@yahoogroups.com','http://groups.yahoo.com/group/TheTemeculaUnderground/',NULL,NULL,4,'2009-06-11',0),(651,'San Gabriel Valley Swingers','A group for swingers who live in the SGV area.\r\n','La Puente',6,NULL,'','maholguin1972@yahoo.com','http://groups.yahoo.com/group/San_Gabriel_Valley_Swingers/',NULL,NULL,2,'2009-09-18',0),(652,'San Diego Mature Swingers','Meet others who enjoy the swinger lifestyle  Full Swap parties  Non-swinging events  Anything we can think of in-between ','',6,141,'760-703-5341','belnorth8245@sbcglobal.net','http://groups.yahoo.com/group/sandiegomatureswinger',NULL,NULL,2,'2009-09-14',0),(653,'San Fernando Valley Interracial Swingers','Meeting and parties for for couples and singles. \r\n','San Fernando',6,NULL,'818-754-8622','socalsxycpl@aol.com','http://groups.yahoo.com/group/sanfernandovalleyinterracialswingers/',NULL,NULL,3,'2009-06-12',0),(654,'IntelligentFreaks','A group open to INTERRACIAL swingers. We welcome all black, white, asian, hispanic, and fun swingers, fetishists, kinksters, and freaks. We love you bbw\'s, bhm\'s, bbc havers and lovers!','',6,98,'','anovabadcreation2005@yahoo.com','http://groups.yahoo.com/group/intelligentfreaks/',NULL,NULL,4,'2009-07-03',0),(655,'Elite Swingers of So Cal','House parties for couples.\r\n','',6,76,'','eliteswingersofsocal@yahoo.com','http://groups.yahoo.com/group/EliteSwingersofSoCal/',NULL,NULL,3,'2009-09-19',0),(656,'Elk Grove Weekday Group','A group of Professional, Couples, Males and Females who enjoy getting together 1-2 times a month for adult activities. ','',6,65,'','elk_grove_weekday_group@yahoo.com','http://groups.yahoo.com/group/elk_grove_weekday_group',NULL,NULL,1,'2009-09-02',0),(657,'Swinging H Singles','People from all walks of life who are open-minded about adult activities.','',6,98,'323 271-9795','Swinging_H_Singles-owner@yahoogroups.com','http://groups.yahoo.com/group/Swinging_H_Singles/',NULL,NULL,3,'2009-08-23',0),(658,'Whateverhappens_happens','A social group with swinger twist, closed for gay and bi guys.\r\n','',6,98,'','wondertlicious@yahoo.com','http://groups.yahoo.com/group/whateverhappens_happens/',NULL,NULL,4,'2009-07-15',0),(659,'Perfecting Life','Everyone is welcome to come hang out and have fun. This event is open to Couples and Singles to meet and mingle.','Littleton',7,NULL,'303-317-6856','perfectinglife@gmail.com','http://www.perfectinglife.com/',NULL,NULL,2,'2009-09-23',0),(660,'Notel Motel','Denver\'s Adult Party Motel. For Discreet Couples and Swingers. Meet Other Swinging Couples. Community Hot Tub Area.\r\n','3050 West 63rd Avenue Denver',7,NULL,'(303) 650-5299','','http://www.newnotelmotel.com/',NULL,NULL,5,'2009-08-27',0),(661,'Rocky Mountain Parties','A friendly and fun environment for others to make lifestyle connections.','Denver',7,NULL,'','da_beaches@rockymntparties.com','http://www.rockymtnparties.com/',NULL,NULL,4,'2009-07-16',0),(662,'Sugar House','Swinger parties for couples in a premium lounge and nightclub.\r\n','Denver',7,NULL,'','info@sugarhousedenver.com','http://www.sugarhousedenver.com/',NULL,NULL,4,'2009-08-15',0),(663,'Cocktail Party Central','Couple parties with hundreds attending.\r\n','Branford, Middletown',9,NULL,'203-314-5604','cocktailpartycentral@hotmail.com','http://www.cocktailpartycentral.com/',NULL,NULL,3,'2009-06-01',0),(664,'Sensual Utopia/CT','An environment for select couples and single females that allows you to explore your realm of ecstasy without the pretense or pressure.','Fairfield County',9,201,'203-534-9269','redd@sensualutopia.com','http://www.sensualutopia.com/',NULL,NULL,3,'2009-07-17',0),(665,'PREMIER PARTIES','Parties once a month at hotels and attract the most attractive and fun couples.','Enfield',9,NULL,'','CONNCPL3135@YAHOO.COM','http://groups.yahoo.com/group/PREMIERPARTIES2009/',NULL,NULL,1,'2009-06-16',0),(666,'Kittens Kozy Corner Connection','This group is open to all couples, single females, and select single males 40 years of age and older. BBW FRIENDLY.\r\n','WALLINGFORD',9,NULL,'','thekitten1799@aol.com','http://groups.yahoo.com/group/KittensKozyCornerConnection/',NULL,NULL,5,'2009-07-16',0),(667,'Jerzy/Ct Swingers Hot Spot','Interracial Swingers group for those White females whom love them some Chocolate. Monthly Swinger Parties usually the first Saturday of the Month at times there are exceptions. Mature and Sexy.','STAMFORD',9,218,'201 658 7254','Jerzy_n_Hammer@yahoo.com','http://groups.yahoo.com/group/Jerzy_n_Hammers_Hot_Spot/',NULL,NULL,4,'2009-09-28',0),(668,'NEW ENGLAND BBW LIFESTYLES','Swingers partoes for BBW lovers.\r\n','BRISTOL',9,198,'860-877-5339','CTLIFESTYLE@YAHOO.COM','http://groups.yahoo.com/group/southernnewenglandbbwlifestyles1/',NULL,NULL,3,'2009-06-08',0),(669,'New England Party People','Parties in hotels with a DJ, dancing, and lots of FUN! There can be anywhere from 150-300 people at a particular event.','',9,205,'','FITCTCPL@YAHOO.COM','http://groups.yahoo.com/group/NewEnglandPartyPeople/',NULL,NULL,1,'2009-06-29',0),(670,'New England Lifestyles','.ALL swingers welcome,slim BBW and BI.','Terryville',9,NULL,'','pernas2062@yahoo.com','http://groups.yahoo.com/group/newenglandlifestyles1/',NULL,NULL,4,'2009-08-13',0),(671,'Play Club 180','2 room studio in a old mill with a bathroom and a changing room. BYOB.','',9,205,'','daveburgie@yahoo.com','http://groups.yahoo.com/group/play-club-180/',NULL,NULL,2,'2009-09-15',0),(672,'chrissys play house','We enjoy BBW, along with a long list of things, and feel its ok for anyone to be bi or bi-c, or not.','Enfield',9,NULL,'','imfrogget@yahoo.com','http://groups.yahoo.com/group/chrissys_play_house/',NULL,NULL,2,'2009-06-19',0),(673,'Central Florida House Party Swingers','A group is only for couples who do not play with single males. Meet-and-greet gatherings and parties throughout the Space Coast and Central area of Florida.','Cocoa',12,NULL,'321-704-1584','donandkathy@fantasycoast.com','http://www.fantasycoast.com/',NULL,NULL,2,'2009-08-21',0),(674,'Hot Tropics Hideaway','A bold, new and exciting, adult social club that hosts parties. Meet others here, in a Hawaiian style resort, and enjoy the nights gentle breeze, the soft sway of palm trees, and pulsating dance music, surrounding a resort style pool with waterfalls, luau lighting, and a spacious walk-around deck. You may just want to relax in an enclosed Jacuzzi hot spa with skylight, or watch and then join in on the dance action on an exotic outdoor stage. The indoor play rooms will be accessible during the day time hours for a donation of $25 per couple. ','Ocala',12,NULL,'352-622-6668','jayj@hottropicsresort.com','http://hottropicshideaway.com/',NULL,NULL,3,'2009-09-20',1),(675,'Lifestyle Confidential','An upscale, BYOB off premise social club for lifestyle and lifestyle friendly couple\'s - located inside a beautiful and new hotel.','Panama City Beach',12,NULL,'850-527- 8772','lifestyleconfidential@mchsi.com','http://juicybk.homestead.com/',NULL,NULL,5,'2009-07-09',0),(676,'OhFantasy Parties','Great themed parties. No hassles from single males and always use lifestyle etiquette.','',12,255,'','webmaster@ohfantasyparties.net','http://www.ohfantasyparties.net/',NULL,NULL,5,'2009-09-24',0),(677,'Chocolate N Vanilla Swirl','Monthly MILD n WILD EVENTS. These events focus on the LIFE (Fun) portion of the lifestyle as well as the STYLE. We enjoy MILD activities like meet n greets, camping, boating, dinner, movies, concerts and various other \"normal\" activities along with the WILD activities at members homes or local party houses.','',12,259,'850-240-4227','chocvanswirl@yahoo.com','http://www.geocities.com/chocovanswirl/',NULL,NULL,2,'2009-09-28',1),(678,'The Fantasy House','An alternative lifestyle swingers house party venue.','Deland',12,NULL,'(386) 804-0599','Thefantasyhouse@yahoo.com','http://thefantasyhouse1.com/',NULL,NULL,4,'2009-08-03',0),(679,'Florida Swing Party','Lifestyle parties with on premise action.\r\n','Fort Myers',12,NULL,'(239)217-2386','kitte31@floridaswingparty.com','http://www.floridaswingparty.com/',NULL,NULL,1,'2009-08-10',0),(680,'Club Elite','Be prepared to experience the Elite side of swinging. Club Elite is sure to be the sole destination for swingers who demand only the best in atmosphere, friends, location, and experience. \r\n','9721 Us 19 S',12,762,'(727) 845-8808','','http://www.clubelitetampa.com/','28.298244','-82.706759',4,'2009-06-14',0),(681,'Swing Break','Weild sex parties in several locations.\r\n','',12,238,'954-245-8335','Rick@swingbreak.net','http://www.swingbreak.net/',NULL,NULL,5,'2009-08-15',0),(682,'Taboo','Upscale Swingers Party in Orlando - Taboo! Presented to you bi-monthly in a stylish, on-premesis environment that is a hybrid between an on premise swinger club and a swinger\'s house party, giving you the best of both worlds. Taboo Swing Parties features nearly 3,000 square feet of party area, with the main Swingers\' area featuring a lighted solid oak bar and a solid cherry pool table with competition felt.','',12,255,'321-230-0642','reservations@tabooswingers.com','http://www.tabooswingers.com/',NULL,NULL,4,'2009-08-05',0),(683,'Club Tastebuds','\"off premise\" alternative lifestyle club. A select few single males are permitted every weekend. ','The Heritage Hotel Orlando 7900 S. Orange Blossom Trail',12,115,'407-888-2423','Info@ClubTastebuds.net','http://www.clubtastebuds.net/',NULL,NULL,1,'2009-07-04',1),(684,'YOLO Cruises','88,000 Ton chartered cruise ship, 2,100 Passengers onboard for seven days of pleasure. Playful, sexually themed parties, cruise activities and shore excursions.\r\n','',12,270,'866 699 9656','marlene@yolocruises.com','http://yolocruises.com/',NULL,NULL,4,'2009-06-24',0),(685,'Poison Party','Private swingers parties.\r\n','Destin',12,NULL,'850-685-9907','poisonparties@yahoo.com','http://www.poisonparty.com/',NULL,NULL,2,'2009-08-20',0),(686,'Intimate Circles Socials','Meeting in a bar, off premises, karaoke and theme parties.\r\n','Papa J\'s Hideaway \r\n3200 Dixie Hwy NE \r\nPalm Bay',12,256,'','IntimateCirclesSocials@yahoo.com','http://www.intimatecirclessocials.com/',NULL,NULL,1,'2009-09-23',0),(687,'Play Tyme','A spacious dance floor, 2 full bars, and excellent service for our VIP section.','7432 Universal Blvd',12,255,'(407) 345-8470','','http://playtymeorlando.com/','28.455421','-81.464493',5,'2009-08-22',0),(688,'4SUMFUN Lifestyle Travel Club','Inexpensive vacations to couples and select singles in the \"Lifestyle\". Trip includes private meet and greets with all the swingers in our group, private group excursions and swing club stops.','',12,252,'216.322.8990','info@4sumfun.com','http://4sumfun.com/',NULL,NULL,1,'2009-08-12',0),(689,'Maggie\'s Underground','Off-premise events in different locations.\r\n','',12,243,'','undergroundjax@undergroundjax.com','http://www.undergroundjax.com/',NULL,NULL,4,'2009-08-06',0),(690,'Sexy Party Club\'s Bella Vita Boat Club','Everyone is welcome, even if you don\'t have a boat because we usually have tons of boaters that want you to join them on their boat for the ride to Temptation Island!','',12,252,'','BlondeFlasher@aol.com','http://www.bellavitaboatclub.com/',NULL,NULL,5,'2009-09-08',0),(691,'Penthouse Social Parties','Private parties are held at various places every six weeks. We welcome ALL Couples, Single ladies and a few select Single Gentlemen of all age groups!','Ft. Lauderdale',12,NULL,'','penthouse_parties@yahoo.com','http://www.freewebs.com/penthousesocialparties/index.htm',NULL,NULL,3,'2009-06-20',1),(692,'Orlando Love Loft','House BYOB parties. Dance Pole, Outdoor Garden & Hot Tub area. Couples Chamberincludes two private areas, one with the Sybian. All NEW Private Rooms.','',12,255,'1-866-738-3950','info@orlandoloveloft.com','http://www.orlandoloveloft.com/',NULL,NULL,5,'2009-06-13',0),(693,'Club SINsational','A door fee to enter and a cash bar for all your beverage needs. A courtesy Limousine will be available for anyone joining us from out of town and staying at a local hotel, or just hosting an after party... VIP areas for those who seek a more private setting or just celebrating a special occasion.','',12,243,'904-383-0466','info@clubsinsational.com','http://www.clubsinsational.com/',NULL,NULL,2,'2009-09-12',0),(694,'TampaBayLifestylers','A group of open-minded couples (and women who are either straight or bisexual) that are interested in getting to know each other for social and possibly sexual encounters. This group is for real swingers interested in meeting real people for lifestyle fun and swapping.','',12,270,'','admin@tampabaylifestylers.com','http://www.tampabaylifestylers.com/',NULL,NULL,5,'2009-07-20',0),(695,'JIM AND TINA\'S PARADISE',' A large private home that caters to couples that are serious about actually playing with others. ',', north of Tampa',12,270,'813-909-1668','jimandtinasparadise@yahoo.com','http://www.jimandtinasparadise.com/',NULL,NULL,1,'2009-09-29',0),(696,'Distinctive Lifestyle','An alternative lifestyle group of REAL people who meet monthly for MILD n WILD EVENTS. These events focus on the LIFE (Fun) portion of the lifestyle as well as the STYLE. We enjoy MILD activities like camping, boating, dinner, movies, concerts and various other \"normal\" activities along with the WILD activities at members homes or local party houses. ','Fort Walton Beach',12,NULL,'','renee@distinctivelifestylesinc.com','http://geocities.com/distinctive_lifestyles_inc/',NULL,NULL,3,'2009-09-18',0),(697,'Blue Velvet Swing','A group of friends who enjoy gatherings in both public and private venues. A person in the Lifestyle accepts that it is socially acceptable for make or receive an invitation or offer for sexual activity.','Cocoa',12,NULL,', bluevelvetswing@yahoo.com','bluevelvetswing@bluevelvetswing.com','http://www.bluevelvetswing.com/',NULL,NULL,4,'2009-07-02',0),(698,'Dark Cavern Real Players Club','Upscale Private Membership Off-Premise Lifestyle Club for discreet open-minded couples, single females and select males who seek to satisfy their desires and fantasies of having a swinging encounter with someone of another race or nationality.','Tampa Bay',12,270,'(239) 826-0128','darkcavernrealplayersclub@yahoo.com','http://www.darkcavernrealplayersclub.com/',NULL,NULL,2,'2009-07-08',0),(699,'Florida Friendly Swingers',' A website to bring like-minded people in the lifestyle together so they can list and learn about swing parties, clubs, and events throughout Florida for FREE no matter what group, organization or swing website they belong to.','',12,270,'','funfriendsx2@verizon.net','http://www.floridafriendlyswingers.com/',NULL,NULL,3,'2009-09-04',1),(700,'SunCoast Swingers','A group is for Couples, Single Ladies and Select Single Gentlemen (Limited to 10%), who Live, Travel or Vacation to Pasco, Hernando, Pinellas, Hillsborough Counties and surrounding areas. Here is a place where we can all call home. We hold Meet-N-Greets, Special Group Functions and go to other Swingers Clubs Events in the area. ','Port Richey',12,NULL,'','Lets_couple@yahoo.com','http://www.suncoastswingers.net/',NULL,NULL,5,'2009-09-01',0),(701,'The Coterie','Couples, single ladies, a very few select single gentlemen have a house party monthly and \"go to\" party.\r\n','',12,226,'954 821 5800','moderator_coterie@comcast.net','http://groups.yahoo.com/group/thecoterieofPB/',NULL,NULL,4,'2009-08-13',0),(702,'NorthFlaSouthGaSwingers','Like-minded people that enjoy swapping swinging to meet new friends/playmates, parties/meet and greets.\r\n','Georgia Alabama',12,NULL,'','livingdeadgurl_84@yahoo.com','http://groups.yahoo.com/group/NorthFlaSouthGaSwingers/',NULL,NULL,3,'2009-08-01',0),(703,'Capt. Jacks Central Florida Swingers Club','Lifestyle Couples who share a passion for life, a gift of laughter, a desire to connect, a habit of caring, an aim to respect, a need to touch, and a hope for continual fellowship and intimate play.\r\nVery interesting club formed by Florida lifestylers back in 2006. They have a fantasy to call themselves a crew and make a whole theme out of pirates wave. Couples only invited to their events. \r\nWhat about parties? It\'s meet-n-greets once a month and on-premises house parties for real swingers into the action. They feature a bar with alcohol drinks, pool, hot tub. For all these treasure you\'re not charged! So come on and have fun with those sexy pirates!','Brevard County',12,NULL,'','Alan@Captjacksbar.com','http://www.captjacksbar.com/',NULL,NULL,5,'2009-06-08',0),(704,'Pleasure Partners of the Treasure Coast','Meet and greets monthly, drink, dance, hold special events, enjoy seeing old friends and meet new ones. ','Sebastian to West Palm Beach',12,272,'','kathous69@cs.com','http://groups.yahoo.com/group/pleasurepartnersofthetreasurecoast/',NULL,NULL,2,'2009-06-11',0),(705,'G\'s Spot','Clothing-optional and theme parties.\r\n','Naples',12,NULL,'','gsspot-owner@yahoogroups.com','http://groups.yahoo.com/group/GsSpot/',NULL,NULL,5,'2009-07-10',0),(706,'LINKSSWF','Couples and single ladies welcomed to off-premise parties.\r\n','Port Charlotte',12,NULL,'','LINKSSWF@AOL.Com','http://groups.yahoo.com/group/linksswfl/',NULL,NULL,1,'2009-09-11',0),(707,'Hotel Fun In NWF','Freaky hotel swing parties and/or gang bangs. Open to couples and single females as well as single males.','Crestview',12,NULL,'','usnu4real@yahoo.com','http://groups.yahoo.com/group/hotelfuninnwf/',NULL,NULL,2,'2009-06-26',0),(708,'Treasure Coast Swingers','','Port Saint Lucie',12,NULL,'','PSLCouple1@aol.com','http://groups.yahoo.com/group/TreasureCoastSwingers/',NULL,NULL,5,'2009-08-24',0),(709,'Tallahassee Swingers Social Club',' A group of friends and prospective friends that get together on a regular basis to have fun and party.','',12,267,'','north_fla_couple@yahoo.com','http://groups.yahoo.com/adultconf?dest=%2Fgroup%2FTallahassee_Swingers_Social_Club%2F',NULL,NULL,4,'2009-07-30',0),(710,'SWGANWFLSEAL MANDINGOS','An ACTION oriented group that is designed to serve women and couples of all races. We offer sexual services of men of all shapes and sizes that love one on one to gang bangs and bukkakes. Meet here to arrange laid back and fun freak sessions. We prefer those who are petite to little overweight, but all are welcome. Couples and females who are curious and would like to watch are welcome. Bi females who like to party with other females and men are very welcome.','',12,267,'','dick61jn@yahoo.com','http://groups.yahoo.com/group/SWGANWFLSEALMANDINGOS/',NULL,NULL,2,'2009-09-05',0),(711,'Ramada Bunch','A group of local couples and single ladies that enjoy get togethers in the Ocala area for drinks, dancing, and adult fun','Ocala',12,NULL,'','ramadabunch-owner@yahoogroups.com','http://groups.yahoo.com/adultconf?dest=%2Fgroup%2Framadabunch%2F',NULL,NULL,4,'2009-06-28',0),(712,'Moan Manor of Savannah','The event starts on Friday night with karaoke, dancing and meeting great people. Saturday is the members only private event.','',13,282,'(912)210-6896','moanmanor2008@yahoo.com','http://www.moanmanor.com/Contact2',NULL,NULL,5,'2009-08-29',0),(713,'Mountain Creek Grove Resort & Night Club','Clothing optional  \"lifestyle\" resort. All folks are accepted as they are regardless of race, creed, color, size or any other prejudices and all members and visitors become instant \"family\".','95 Cedar Hollow Rd Cleveland',13,NULL,'706.865.6930,1-800-863-6833','pleasure@pleasuregroveresort.com','http://mcgrove.com/',NULL,NULL,1,'2009-09-07',0),(714,'Bi Swinging Atlanta','Parties are the most Open Minded Swingers Parties in Atlanta, and all sexual preferences, races, and ages of 21 and up are encouraged to attend.  Bi Couples, Bi Females, Bi Men, Straight Couples, Straight Men, Straight Females,  Crossdressers, T-Girls, etc. are all welcome at our parties.','',13,275,'404-247-8069','djgaryb11@yahoo.com','http://www.biswingingatlanta.com/',NULL,NULL,3,'2009-08-25',0),(715,'Atlanta\'s Grown & Sexy Affairs','Upscale classy functions for the grown & sexy.','Stockbridge',13,NULL,'','atlantasgasa@bellsouth.net','http://www.atlantasgasa.biz/',NULL,NULL,1,'2009-08-01',0),(716,'Mandingonet Parties','An exclusive entertainment organization for curious couples and sexy females seeking the ultimate Interracial lifestyle experience.','',13,275,'','info@mandingonetparties.com','http://www.mandingonetparties.com/',NULL,NULL,1,'2009-09-30',0),(717,'Sir Lix of Atlanta','Lifestyle Swingers Club for the Flirtatious, Swingers, Exhibitionists, Voyeurs, BDSM Community and everyone that loves to Dance, Flirt, intimately engage others in extreme erotic surroundings.\r\n','',13,275,'','sirlixofatlanta@yahoo.com','http://www.sirlixofatlanta.com/',NULL,NULL,3,'2009-06-09',0),(718,'FlirtatiousFriends or FLIRT','Flirt seeks fun, non-judgmental, honest adult couples and singles interested in long lasting friendships and relationships with other like-minded people.','Lawrenceville',13,NULL,'','sodizzy4u1969@yahoo.com','http://www.flirtatiousfriends.com/',NULL,NULL,2,'2009-07-09',0),(719,'Secret Chambers','Explore, walk around the hotel room, and find a opening, and try different playmates, this is the grand event in swinging!','',13,279,'','redrovercumover@yahoo.com','http://groups.yahoo.com/adultconf?dest=%2Fgroup%2FSecret_Chambers%2F',NULL,NULL,4,'2009-06-05',0),(720,'The Atlanta Mandingos','A group for heterosexual men for the purpose of pleasing women. We Welcome Beautiful Mature Moms, Wives, And Girlfriends. We encourage Couples to Join who enjoy Swinging and Interracial Dating.\r\n','',13,275,'','mrdarrylsmith@yahoo.com','http://groups.yahoo.com/adultconf?dest=%2Fgroup%2Ftheatlantamandingos%2F',NULL,NULL,1,'2009-08-18',0),(721,'Pleasure Play House',' A group for the down to earth open minded grown and sexy swingers in metro Atlanta and surrounding areas.','',13,275,'404-645-4340','captainhook8@hotmail.com','http://groups.yahoo.com/adultconf?dest=%2Fgroup%2FPleasurePlayHouse%2F',NULL,NULL,1,'2009-07-01',0),(722,'Da_Ga_Party','A group is mainly for couples, ladies, and not accepting single males at this time. Da_Ga_Party host discreet meets, greets, and vacations. ','',13,275,'678-698-7167','businessprintsolutions@yahoo.com','http://groups.yahoo.com/group/Da_Ga_Party/',NULL,NULL,5,'2009-08-28',0),(723,'BLAQ FREAKZ','Swingers sex parties.\r\n','',13,275,'','ATL_HOTTESTBOY@YAHOO.COM','http://groups.yahoo.com/group/BLAQFREAKZ/',NULL,NULL,2,'2009-06-27',0),(724,'SwingingPassions','Monthly meet and greets, parties....where you can come out for pure fun with liked minded individuals.','',13,273,'','werethewildones@yahoo.com','',NULL,NULL,5,'2009-09-26',0),(725,'Wildwalkers','On-premise events.\r\n','Cartersville',13,NULL,'','wildwalkers@yahoo.com','http://groups.yahoo.com/group/wildwalkers/',NULL,NULL,2,'2009-06-20',0),(726,'Promiscuous Atlanta Swingers','For like minded couples who enjoy swinging.','',13,275,'','foxyliz38@yahoo.com','http://groups.yahoo.com/group/PSAtlanta/',NULL,NULL,5,'2009-07-20',0),(727,'SLS Columbus_CouplesPlayground','Swinging couples, single females and guys who don\'t want to travel so far out of their area to party safely','',13,277,'','bigjaysr1@yahoo.com','http://groups.yahoo.com/group/SLSColumbus_CouplesPlayground/',NULL,NULL,5,'2009-09-08',0),(728,'BIFEMALES-N-CPLS4U','A group is for Bi-sexual females, Couples and \"Select\" single males.','Augusta',13,NULL,'','hottcpl4funn@yahoo.com','http://groups.yahoo.com/group/BIFEMALES-N-CPLS4U/',NULL,NULL,3,'2009-08-16',0),(729,'Coastal Empire Swingers','This group welcomes people from the area whether straight, bi or gay who like to interact with others. ','',13,282,'','coastalempireswingers@yahoo.com','http://groups.yahoo.com/group/coastalempireswing/',NULL,NULL,3,'2009-08-29',0),(730,'SoWeGa Swingers','Events throughout the year where couples can meet and play in a relaxed atmosphere. It\'s for folks who want to really hook-up and swing and swap with others!','Southwest Georgia',13,NULL,'','randyguyngal@hotmail.com','http://groups.yahoo.com/group/sowegaswingers/',NULL,NULL,3,'2009-06-27',0),(731,'XchangeHawaii','Four house parties a year with 20 to 25 couples at events.','',15,283,'','XchangeHawaii@yahoo.com','http://www.geocities.com/xchangehawaii/XchangeHawaii.html',NULL,NULL,5,'2009-08-22',0),(732,'Swing Club Socials','A play party (hosted by us) is usually a group of people who get together for fun and relaxation.  We talk, munch on snacks, drink cocktails, and when it feels right, we have sex.','Boise',16,NULL,'','Matt@Swingclubsocials.com','http://swingclubsocials.com/',NULL,NULL,2,'2009-08-20',0),(733,'The White Rose','Hot tubs, play rooms, dance poles.','10937 Prairie Ave\r\nPost Falls',16,NULL,'208 699-3025','the.whiterose@yahoo.com','http://www.theidahowhiterose.com/',NULL,NULL,3,'2009-09-08',0),(734,'Naughty Neighbors in Idaho','Several theme parties a year as well as monthly meet & greets, numerous get-togethers and private parties that are planned and hosted by individual member couples.','Boise',16,NULL,'','idahocpl4fun2@cableone.net','http://www.nnidaho.com/members/enter.html',NULL,NULL,2,'2009-06-16',0),(735,'NorthernStatesSwingersGroup','Swingers\' activities, meet and greets, parties and houseparties.','Twin Falls',16,NULL,'','coyote_n_tazzie@yahoo.com','http://groups.yahoo.com/group/NorthernStatesSwingersGroup/',NULL,NULL,5,'2009-06-12',0),(736,'C.C.T. Couples Cum Together',' Fun couples group looking to have fun with other couples. Monthly theme parties, a food buffet, dessert table, soda/wet bar.  Party lights, music, adult videos playing for your pleasure. ','',17,308,'(815) 979-2639','CPLSSWINGPARTY@AOL.COM','http://www.geocities.com/cplsswingparty/cumpartywithus.html',NULL,NULL,2,'2009-07-30',0),(737,'Club Release','A private on premise Lifestyle Club catering to couples and single females and also welcoming escorted single men. Club Release has parties on the 3rd Friday of every month.','County Club Hills',17,NULL,'708-469-9977','RSVP@TheClubRelease.com','http://www.theclubrelease.com/',NULL,NULL,1,'2009-06-10',0),(738,'Intimate Circles','A private, couples-only social club, dedicated to providing a safe and comfortable environment for committed couples to gather.','',17,289,'630 965 6942','intimatecircles@msn.com','http://www.iccirclesclub.org/',NULL,NULL,3,'2009-07-29',0),(739,'SINN - Southern Illinois Naughy Nymphos','Straight couples, single males/females, bi-couples singles, as well as transgendered/gay couples. ','Marion',17,NULL,'','sinnymphos-owner@yahoogroups.com','http://groups.yahoo.com/group/sinnymphos',NULL,NULL,2,'2009-08-24',0),(740,'M.I.S.','A couples only club dedicated to the principles of the swinging lifestyle. We are NOT accepting single men or women at this time. ','Marquette Heights',17,NULL,'(309) 231-0706','cplslook2swing@yahoo.com','http://groups.yahoo.com/group/midillinoisswingers2/',NULL,NULL,4,'2009-08-20',0),(741,'East Central Illinois Swing Group','This Group is for Couples, single females, and select males who are sponsored by a group member, that are looking to meet other people in the lifestyle. ','Indianola',17,NULL,'217-474-5983','markandshelly1997@yahoo.com','http://groups.yahoo.com/group/EastCentrallIllinoisSwingGroup/',NULL,NULL,2,'2009-07-13',0),(742,'Illinois Swingers Encounters','A group for people in illinois to meet others for real sexual encounters. It is primarily for swingers, but all lifestyles are welcome. ','Chicago & Suburbs',17,294,'','mwm8480@yahoo.com','http://groups.yahoo.com/group/illinoisswingersencounters/',NULL,NULL,4,'2009-08-04',0),(743,'Club Meet4More','Where the Grown and Sexy Cum out to play.','',18,320,'(708)699-MEET (6338)','info@clubmeet4more.com','http://www.clubmeet4more.com/',NULL,NULL,4,'2009-07-27',0),(744,'Club Escapades','The place to be for all who enjoy the atmosphere of a nightclub, a private party, and a fantasy realized all in one location. Surrounded by other like-minded committed adult couples and single women, Club Escapades offers parties every other Saturday night.','Owensville',18,NULL,'812-215-0079','reneet6055@yahoo.com','http://www.webspawner.com/users/clubescapades/index.html',NULL,NULL,4,'2009-08-09',0),(745,'Circle City Socials','ON-PREMISE CLUB with meet and greets, house parties, special events, and other outings for couples.','',18,321,'','PartyInfo@CircleCitySocials.com','http://www.circlecitysocials.com/',NULL,NULL,3,'2009-06-10',0),(746,'Shenanigans','On-premise theme parties.\r\n','1945 Anderson Frankton Rd',18,314,'(765) 622-0103','','http://shenanigansclub.org/default.aspx','40.133972','-85.737992',1,'2009-09-12',0),(747,'Club Whispers','Info on things that are happening in the lifestyle around the state of Indiana.','Bedford',18,NULL,'','clubwhispers@gmail.com','http://www.indiana-swingers.com/',NULL,NULL,4,'2009-09-09',0),(748,'CTs ADULTPLAYCLUB1','OUR SPECIALTY IS: SETTING UP \"GANG BANGS\" (100 men) either with ALL BLACKS or both BLACKS and WHITES or just WHITES. A WOMAN can get LAID here at ANYTIME.\r\n','',18,319,'','cts4622@yahoo.com','http://groups.yahoo.com/group/CTsPlayClub1/?yguid=345465073',NULL,NULL,2,'2009-06-02',0),(749,'L\'Sota','At a Dance Blast it\'s much more of a social mixer than Play Nights. Play Nights is a smaller group that truly honestly and simply enjoys getting naked and plays. ','',19,327,'(319) 329-3306','LSOTA@aol.com','http://www.lsota.com/lsotafrm.htm',NULL,NULL,5,'2009-06-10',0),(750,'Club K I S S','Monthly parties are held, in a hotel banquet room. Most parties are a \"Come as you are\" party. Once in awhile we do have themed parties and camp outs. We do allow single males and females to attend.','',19,330,'','iowaguyandgal@mchsi.com','http://groups.yahoo.com/group/clubkiss/',NULL,NULL,3,'2009-08-21',0),(751,'Kansas Lifestyle - KLS','A group for open minded friends to meet, have fun, and party!','',20,340,'','stevekim@kslifestyle.com','http://groups.yahoo.com/group/kansaslifestyle/',NULL,NULL,4,'2009-08-30',0),(752,'F.A.S.T. ... Friends and Swingers Together','A group for people interested in meeting other swingers or hosting a party.\r\n','',20,335,'','jaybirdandangel@yahoo.com','http://groups.yahoo.com/group/friends_and_swingers_together/',NULL,NULL,5,'2009-07-20',0),(753,'Bluegrass Connections','Adult couples - enjoy classy adult entertainment and socialize with others without the hassle other bars may have. No memberships required, no reservations needed, open to all couples every Friday and Saturday night.','942 Winchester Rd. Lexington',21,NULL,'859-225-0011','webmaster@bluegrassconnections.net','http://www.bluegrassconnectionsclub.com/',NULL,NULL,5,'2009-09-07',0),(754,'Louisville Swingers','BYOB parties.\r\n','',21,342,'','defiantyahacct@yahoo.com','http://www.louisville-swingers.com/',NULL,NULL,5,'2009-08-14',0),(755,'Central KY Sexy Swingers','A group designed to bring local couples w/Bi-females together in our area (central Kentucky) for discrete adult fun friendship both in and out of the bedroom. Lifestyle campouts as well as club and house parties.','Cave City',21,NULL,'','ready4funnnn1234@yahoo.com','http://groups.yahoo.com/group/sexy_ky_swingers/',NULL,NULL,2,'2009-06-16',0),(756,'Newhorizons Erotica Pleasures Partys','A Place where U can come and enjoy yourself with like minded lifestyle Couples and Select Singles.','Bowling Green',21,NULL,'270-434-3582','vibes_4pleasures@yahoo.com','',NULL,NULL,3,'2009-06-05',0),(757,'Thickalicious Party Group','A Drama Free Group where Thickalicious , Sexy BBW\'s Can get together with the People that love them.','Lexington',21,NULL,'','jjcpl08@yahoo.com','http://groups.yahoo.com/group/thickaliciousbbws',NULL,NULL,4,'2009-07-08',0),(758,'Thoroughbred Cock Jockeys','An orgy the first Saturday of every month at the designated place.\r\n','Lexington',21,NULL,'','nowlatagataz@yahoo.com','http://groups.yahoo.com/group/Thoroughbredcockjockeys/',NULL,NULL,4,'2009-09-17',0),(759,'DJs Upscale Social Club','Meet for fun,frolic,and friendships. ','',21,342,'502-594-0388','djsocialclub@yahoo.com','http://groups.yahoo.com/group/djssocialclub/',NULL,NULL,1,'2009-08-28',0),(760,'West Kentucky Swingers Club','Group hosts meet and greets and house parties, this is your group and we encourage you to set up and hold your own meet ups and play parties. ','Paducah',21,NULL,'','perads@bellsouth.net','http://groups.yahoo.com/group/westkyswingers/',NULL,NULL,2,'2009-08-09',0),(761,'Appalachian_Swingers','Off-premise parties for couples and single females.\r\n','Pikeville',22,NULL,'','fun_gal_shy_guy@yahoo.com','http://groups.yahoo.com/group/Appalachian_Swingers/',NULL,NULL,4,'2009-08-08',0),(762,'Jasmine Private Club','Gatherings provide a safe, sensual, and comfortable space that is lifestyle friendly and full of options.','213 Baronne St',22,351,'(504) 585-1870','','http://www.jasmineprivateclub.com/','29.953092','-90.072137',4,'2009-06-12',0),(763,'4-C\'s Socials','Off-premise club hosting dance socials in a public hotel.','Westwego',22,NULL,'504-201-5480','paul@4csocials.com','http://www.4csocials.com/',NULL,NULL,3,'2009-07-21',0),(764,'Feminine Desires','Social gatherings at local clubs or homes around the Lake Charles area.','',22,348,'','antasyhost@femininedesires.com','http://www.femininedesires.com/',NULL,NULL,3,'2009-06-06',0),(765,'Tri-Parish-Players -Club',' A way to find satisfying fun thru private encounters, or at one of our club parties!','Galliano',22,NULL,'','houmacouple@yahoo.com','',NULL,NULL,4,'2009-06-15',0),(766,'Erotic BBW\'s and BHM\'s','Group for real couples and singles looking to expand their horizons with other like minded people. ','Addis',22,NULL,'','leslie120867@yahoo.com','http://groups.yahoo.com/group/eroticbbwandbhms/',NULL,NULL,5,'2009-09-26',0),(767,'SECRET SOUTHERN DESIRES','This group is for Couples, Single Females, And \"SELECT\" Single Males. Parties every 3rd Saturday Of The Month, and it\'s usually BYOB.','Alexandria',22,NULL,'','RABBIT54969@YAHOO.COM','http://groups.yahoo.com/group/SECRET_SOUTHERN_DESIRES/',NULL,NULL,2,'2009-06-28',0),(768,'Cajun Connections','This Group is for bisexual men women and couples who want to get together.\r\n','',22,347,'','coupleintheboot08@yahoo.com','http://groups.yahoo.com/group/CajunConnections/',NULL,NULL,1,'2009-06-15',0),(769,'Lstylovers','Local bar hosts monthly socials that is closed to the public. Off Premises. No single males.','Westlake',22,NULL,'','lstyluv2002@yahoo.com','http://groups.yahoo.com/group/lstyluv2002/',NULL,NULL,4,'2009-08-21',0),(770,'Expressions','Adult group that brings together all kinds!','',22,348,'','snooty4444@yahoo.com','http://groups.yahoo.com/group/xpressions_social',NULL,NULL,5,'2009-06-13',0),(771,'Pleasure Seekers Socials','Local swingers seeking common interest. ','Marksville',22,NULL,'','Louisiana_Swingers69@yahoogroups.com','http://groups.yahoo.com/group/Pleasure_seekers_socials/',NULL,NULL,3,'2009-09-03',0),(772,'Stilettos','Parties for discreet adults to socialize, dance and make friends in a safe, fun, no-pressure atmosphere. The socials/parties/functions are held at a local (Lafayette) VERY private nightclub.','',22,347,'','SLS_STILETTOS-owner@yahoogroups.com','http://groups.yahoo.com/group/SLS_STILETTOS/',NULL,NULL,2,'2009-06-12',0),(773,'Baton Rouge House Parties','Females who are bi, straight, couples with bi or straight females and select males that are interested in attending swinger house parties.','',22,344,'','Baton_Rouge_House_Parties-owner@yahoogroups.com','http://groups.yahoo.com/group/Baton_Rouge_House_Parties/',NULL,NULL,3,'2009-08-07',0),(774,'Sinfully Erotic Lifestyle','Lifestyle ADULTS of all Rules, Shapes, Colors, and Sexuality! ','Alexandria',22,NULL,'','t.toxic.tears@gmail.com','http://groups.yahoo.com/group/Sinfully_Erotic_Lifestyle/',NULL,NULL,1,'2009-09-28',0),(775,'Baton Rouge BBW and BHM Swingers','This is a group for Swingers of BATON ROUGE and the surrounding areas that are BBW\'s (BIG BEAUTIFUL WOMEN), BHM\'s (BIG HANDSOME MEN), or people interested in them.','',22,344,'','lacpl4nstyfun@yahoo.com','http://groups.yahoo.com/group/BatonRougeBBWandBHMswingers',NULL,NULL,2,'2009-07-08',0),(776,'CLS - Cajun Lifestyle Socials','ONLY accepting couples and single ladies at this time. These socials are never open to the general public. ','Acadiana',22,NULL,'','rnj_4fun@yahoo.com','http://groups.yahoo.com/group/CajunLifestyleSocials/',NULL,NULL,3,'2009-09-16',0),(777,'New Orleans Swing Life','Club for local swingers.\r\n','',22,349,'504 324 3438','anthonyanddebby@cox.net','http://groups.yahoo.com/group/neworleansswinglife',NULL,NULL,3,'2009-06-24',0),(778,'Louisiana Swingers Club','Monthly meet and greet gatherings and/or house parties.\r\n','',22,344,'','brcouple04@yahoo.com','http://groups.yahoo.com/group/louisianaswingersclub/',NULL,NULL,4,'2009-08-25',0),(779,'NolaSwingersCumParties','A house party at least once a month. We do allow a certain amount of single men, they must apply with pic and be known and approved by a couple.','',22,351,'504-251-7353','swingersgonewild@aol.com','http://groups.yahoo.com/group/NolaSwingersCumParties/',NULL,NULL,3,'2009-06-29',0),(780,'LMGS (Lafayette Meet and Greet Socials)','he socials/parties/fucntions are held at a local VERY PRIVATE nightclub that is only open for private functions.','',22,347,'','LMGS-subscribe@yahoogroups.com','http://groups.yahoo.com/group/LMGS/',NULL,NULL,3,'2009-08-01',0),(781,'La Swingers','This is a group for couples and single women only who are swingers and are looking for other people who have the same lifestyle. NO Single MEN!','Jonesville',22,NULL,'','Laswingers3@yahoo.com','http://groups.yahoo.com/group/laswingers3/',NULL,NULL,5,'2009-07-22',0),(782,'K-N-A SWINGERS','Everybody welcomed to these on-premise events.\r\n','GREENE',23,NULL,'1-207-946-2067','knaswingers@yahoogroups.com','http://groups.yahoo.com/group/knaswingers/',NULL,NULL,3,'2009-09-30',0),(783,'New England Swingers Club','On-premise events for local swingers.\r\n','Biddeford',23,NULL,'(631) 672-4037','giaolivia987@yahoo.com','http://groups.yahoo.com/group/New_England_Swingers/',NULL,NULL,2,'2009-06-06',0),(784,'Top Hats','All parties are couples only, with a $20.00 donation.\"Theme\" parties to be announced such as Sheer Night, Wet T-Shirt , Mardi Gras, New Years Eve Party, Christmas Party. We offer a cash bar with really great bartenders.\r\n','CJ Hall\r\n711 Webster St.\r\nLewiston',23,NULL,'783-0058','jeff13518@yahoo.com','http://groups.yahoo.com/group/top-hats13518/',NULL,NULL,4,'2009-06-18',0),(785,'Phreaky Ones','Only real players are allowed and those that do not show us this will be removed from our membership roles.\r\n','',24,364,'240-724-4583','phreaky@phreaky-ones.com','http://phreaky-ones.com/index.htm',NULL,NULL,2,'2009-07-24',0),(786,'Maple Corners Country Club','House constructed for a lot of on-premises action. Regular parties.\r\n','Frederick County',24,361,'','info@maplecornerscountryclub.com','http://www.maplecornerscountryclub.com/page/page/1587814.htm',NULL,NULL,3,'2009-06-26',0),(787,'The Cove Entertainment International (CEI)','A small social group/network that brings together likeminded consenting adults for upscale lifestyle\" events and private theme parties on a semi-regular basis.\r\n','Chevy Chase',24,NULL,'','info@thecei.net','',NULL,NULL,5,'2009-06-16',0),(788,'Washington Metro BBW Swingers','Meet some of the wonderful BBW/BHM swingers in our area.','',24,355,'','DAHONEYDOMAN@gmail.com','http://www.bbwparties.com/',NULL,NULL,1,'2009-08-11',0),(789,'Whispers Social Lounge',' Play in VIP room, complete with its own refreshment area, light buffet and private restroom. ','Capital Heights',24,NULL,'','whispersafterdark@gmail.com','http://www.whispersafterdark.com/',NULL,NULL,3,'2009-07-08',0),(790,'OPEN MINDS','A swinger alliance that host events and parties. Swingers of ALL Colors and those who love us, in a classy, informative and fun environment.\r\n','',24,364,'240-988-8755','openminds@omswing.com','http://www.omswing.com/',NULL,NULL,3,'2009-08-09',0),(791,'Western Maryland Social Swingers','SERIOUS Swinging Adults who are Lookin for a NON ALCOHOLIC Enviroment.\r\n','',24,112,'','Lts692gthr@aol.com','http://www.freewebs.com/westernmarylandsocialswingers/',NULL,NULL,5,'2009-06-29',0),(792,'Heavenly Events','A discreet adult swingers party group that provides a safe, comfortable and sexually open environment for couples who enjoy the adult life-style in Maryland! We welcome couples and single ladies only. ','',24,355,'','heavenlyevents@gmail.com','http://heavenlyevents.googlepages.com/',NULL,NULL,1,'2009-07-29',0),(793,'Ms Freaky\'s Swingers Connection','Ladies and gentlemen that have regular meets greets, swinging parties, and adult related themes, trips, and various consensual socials functions.','',24,364,'','MsFreakySwingersConnection@yahoogroups.com','http://groups.yahoo.com/group/MsFreakySwingersConnection/',NULL,NULL,1,'2009-08-28',0),(794,'Frederick MD Meet and Greet','Located in the Pastimes restaurant, bar and dance area of the Hampton Inn Hotel.ake new friends, laugh, learn, and relax.\r\n','5311 Buckeystown Pike, Frederick',24,361,'','frederickMD@yahoogroups.com','http://groups.yahoo.com/group/frederickMD/',NULL,NULL,3,'2009-07-23',0),(795,'mdbbwcplswingers','BBW\'S & BHM\'S singles and couples do everything from G to adult rated activities.\r\n','Baltimore Metropolitan Area',24,355,'','sharkecw@comcast.net','http://groups.yahoo.com/group/mdbbwcplswingers/',NULL,NULL,4,'2009-09-02',0),(796,'SwingMaryland','Hotel BYOB parties.','Cumberland',24,NULL,'301-268-0885','scion21545@yahoo.com','http://groups.yahoo.com/group/swingmd/',NULL,NULL,3,'2009-08-18',0),(797,'Little Texas Meet n Greet','RIVATE Meet and Greet for lifestyle members and thier friends ONLY. ','Rosedale',24,NULL,'','littletexasmeetandgreet@yahoogroups.com','http://groups.yahoo.com/group/littletexasmeetandgreet/',NULL,NULL,2,'2009-06-02',0),(798,'Frederick SnF','A local group of adults who like the swinger lifestyle.','',24,361,'','FrederickSnF-owner@yahoogroups.com','http://groups.yahoo.com/group/FrederickSnF/',NULL,NULL,2,'2009-09-03',0),(799,'Southshore Couples','NO Single Men allowed!  There is a full bar, so please do NOT bring alcohol!  The dances run from 8pm-1am.  However, don\'t worry about being late.  We all know how weekends can get busy.  TWO hospitality rooms at our upcoming events.','',25,384,'(401) 465-1514','gnl4fun@aol.com','http://www.southshorecouples.com/',NULL,NULL,5,'2009-09-25',0),(800,'North East Temptations','Parties are held in an upscale privately owned hotel on the RI/MA line.  Our parties feature an out of this world DJ, dance floor, custom built stripper pole and two hospitality suites for your after party pleasure located right on premise.','Seekonk',25,NULL,'','netemptations@cox.net','http://www.netemptations.com/',NULL,NULL,5,'2009-07-27',0),(801,'Club Sinz','Club Sinz is not on-premise or off-premise (though we do hope you will leave with someone), we are strictly a meet and greet, which we feel is important since it gives lifestyle members a chance to mingle in a low-pressure, but highly sexual atmosphere.','Northshore',25,NULL,'','info@clubsinz.com','http://www.clubsinz.com/',NULL,NULL,3,'2009-09-14',0),(802,'Temptations Adult Parties','For Alluring, Attractive, WPTH Couples and Women who want to flirt, frolic and have fun!','Marlborough',25,NULL,'978-855-8877','temptationsforall@yahoo.com','http://www.temptationsgroup.net/',NULL,NULL,1,'2009-07-23',0),(803,'Erotic Loft','No pressure adult fun is what we feel comfortable with!','',25,367,'401-241-2300','cafelafrance69@yahoo.com','',NULL,NULL,1,'2009-07-24',0),(804,'Boston Sex Club','Private parties for M/F couples, F/F couples, and single women. Everyone who attends is screened for personality and interests. Show off your body. Watch a couple go down on each other. Demonstrate how to use your favorite sex toys. Bring your girlfriend and put on a steamy show for everyone. ','',25,367,'','bostonsexclub@gmail.com','http://www.bostonsexclub.com/',NULL,NULL,5,'2009-09-01',0),(805,'Purple Latitude','Blissful bodies, such as Swinging Couples, Single Ladies and select Single Men tend to get drawn into Purple Latitude full body rejuvenating way of life.','',25,367,'','manwclass4me@yahoo.com','http://groups.yahoo.com/group/PurpleLatitude/',NULL,NULL,5,'2009-08-12',0),(806,'MASS PLEASURES','PREMIER \"ON PREMISE\" Lifestyle Hotel Party for COUPLES and SINGLE LADIES UNDER 40 years old. ','',25,367,'781 521 5337','cdswing69@yahoo.com','http://groups.yahoo.com/group/MASSPLEASURES',NULL,NULL,2,'2009-06-19',0),(807,'Sexyswingers101','Average 25 couples at each get together, No single men or bi-men, BBW or \r\n','',25,367,', cheribi31@yahoo.com','Valeri32377@aol.com','http://groups.yahoo.com/group/SexySwingers101/',NULL,NULL,1,'2009-07-30',0),(808,'The Gold Key Club','The events are for couples... Single ladies and very restricted numbers of select single males. We welcome all shapes, sizes and colors.','Oakland County',26,112,'','Gold_Key_Club@yahoo.com','http://www.thegoldkeyclub.com/',NULL,NULL,1,'2009-08-19',0),(809,'Club 1625','On a typical Friday night you can look around and find lesbians, gays, transgenders, swingers, and straight people who just enjoy the relaxed, friendly atmosphere. ','Club 1625, 1625 Fort ST., Lincoln Park',26,NULL,'313-383-6742','club_1625@yahoo.com','http://www.club1625.com/',NULL,NULL,4,'2009-09-20',0),(810,'Clubplaypen1','Cum out and enjoy a hell of a club featuring the HOT Dj. What more could you ask for than hot dance mixes, hot couples & singles, and the opportunity to indulge without having to drive home! ','Quality Inn, 32035 Van Dyke, Warren',26,422,'586-264-0100 ext 100','clubplaypen1@yahoo.com','http://www.clubbplaypen.com/',NULL,NULL,1,'2009-08-04',0),(811,'The The Forest Club','Swinging without the excess that makes most \"swinger club\" experiences feel like an evening at the dance club. The Forest  is designed to be the haven for real swingers, those want to spend an evening in a safe, play-oriented party full of erotic sexually charged swingers fun.','999 Woodward',26,401,'(313) 492-5651','','http://www.eroticforest.com/','42.374889','-83.076385',4,'2009-06-30',0),(812,'DUAL','The place there you can unwind, relax, discover, and play.  We embrace all races, shapes and sizes.  We cater to couples and single females only!','',26,401,'248.909.6599','dualevents@yahoo.com','http://www.detroiturbanadultlifestyle.com/',NULL,NULL,3,'2009-07-26',0),(813,'Wild Walkers','This is an completely off-premise party, we do offer our guests an opportunity to let their hair down and enjoy their wildest dreams. ','29235 Buckingham Dr. @ I-96 & Middle belt',26,NULL,'734-458-7111.','','http://www.clubwildwalkers.com/',NULL,NULL,1,'2009-07-15',0),(814,'Sinergy Night Club','Two huge bars, a two level dance floor with two stripper poles, a comfy lounge area and a very sexy waitstaff!! ','rper st. Clair Shores',26,418,'2488824971','info@sinergylifestylenightclub.com','http://www.sinergylifestylenightclub.com/',NULL,NULL,3,'2009-09-05',0),(815,'Bad Ass Adventures','Several nights swingers cruises.\r\n','Marine City',26,NULL,'586-337-5045','badassboutique@yahoo.com','http://www.badassadventures.com/',NULL,NULL,2,'2009-07-24',0),(816,'After Hours','Off-premise parties in different hotels.\r\n','Bay City',26,NULL,'','aahours1@aol.com','http://www.bockwall.com/aahours/',NULL,NULL,2,'2009-08-12',0),(817,'V.I.P. Club','Free parties for swingers couples, on-premise.\r\n','',26,399,'','nomad591@westsidevipclub.com','http://www.westsidevipclub.com/',NULL,NULL,5,'2009-08-22',0),(818,'Precious Moments','Wild and naughty parties. So come on out dress in them sexy.','',26,403,'1-810-767-3391','Nancyafogelberg@aol.com','http://www.angelfire.com/blues2/pmdance/',NULL,NULL,2,'2009-09-04',0),(819,'CLUB DIVERSITY','Off-premise parties in different venues for couples and singles ladies age 20-40.\r\n','FARMINGTON',26,NULL,'734-658-0502','info@clubdiversity.net','http://www.clubdiversity.net/',NULL,NULL,4,'2009-08-27',0),(820,'DPSwing','A vessel where All Like Minded, Grown and Sexy Swingers can connect with other compatible Swingers and share their Erotic Fantasies by applying their own boundaries and guidelines with one another!','',26,401,'(248) 796-2821','info@dpswing.com','http://www.dpswing.com/',NULL,NULL,4,'2009-08-12',0),(821,'Mystique Social','Off-premise club with frequent meet and greets.\r\n','Coyote Sports Bar in Mt. Clemens',26,NULL,'586-864-7333','mystiquesocial@yahoo.com','http://mystiquesocial.com/',NULL,NULL,4,'2009-07-19',0),(822,'Libido','A drama free night club HOTEL experience with all your favorite tunes and rooms to keep a party going.\r\n','',26,401,'(248) 797-5057','club.libido@yahoo.com','http://www.libidosocialclub.com/',NULL,NULL,1,'2009-08-29',0),(823,'clubkittycat','Hotel parties with Swinger\'s Event Club Room inside the hotel is closed to the public.\r\n','HUGE Best Western, 21700 West Road, Woodhaven',26,NULL,'','bblonde73@yahoo.com','http://www.clubkittycat.webs.com/',NULL,NULL,5,'2009-08-12',1),(824,'A\'Lure','Spacious club offers plenty of room to mingle and a private VIP room you can slip away to a quiet spot.','THE CITY PUB 15505 15.MILE RD CLINTION',26,NULL,'586 5637694','WINDSONG29@YAHOO.COM','http://windsong29.webs.com/',NULL,NULL,4,'2009-06-15',0),(825,'Capital City Social Club','Social gathering with after parties and play zones.\r\n','',26,406,' 810-955-7288, 810-955-5902','capcity06@yahoo.com','http://www.capitalcitysocialclub.com/',NULL,NULL,1,'2009-07-29',0),(826,'West Michigan Social Club','At each party you can expect to have some great fun, and to meet and make new friends.','Crowne Plaza on 28th Street, Grand Rapids',26,404,'','WMSClub@aol.com','http://www.westmichigansocialclub.com/',NULL,NULL,3,'2009-06-30',0),(827,'Endless Party Club','Holidays with swingers hotels, clubs and entertainment.\r\n','Ft. Lauderdale',26,NULL,'313-882-5194','MotorCityHost@sbcglobal.net','http://www.endlessparty.info/',NULL,NULL,1,'2009-07-23',0),(828,'The Apple','A members only dance that is held on the second Saturday of the month. The entrance fee is $45 and reservations are strongly suggested.','Metro Detroit',26,401,'313-372-7275','apple1x@aol.com','http://www.apple1x.com/',NULL,NULL,3,'2009-09-26',0),(829,'Erotic Events','Parties at various upscale bars, nightclubs, and strip clubs.','Novi',26,NULL,'','hotcouple0310@yahoo.com','http://www.eroticevents.net/',NULL,NULL,2,'2009-09-01',0),(830,'Purgatory','At Purgatory you will find a diverse group of people...someone for everyone!  Our goal is to provide lifestyle couples with a low-cost fun environment to mix and mingle.','',26,419,'','Info@purgatorygroup.com','http://www.purgatorygroup.com/',NULL,NULL,4,'2009-07-07',0),(831,'Northern Secrets','A fun and safe place for couples and single women to meet. All group events can vary in location from clubs, bars, restaurants, hotels, a ship/boat, an island, or even a state or country.','',26,404,'616-490-1598','memberservices@northernsecrets.com','http://northernsecrets.com/index.php',NULL,NULL,1,'2009-07-03',0),(832,'The Hedonist Club','We are a couples club that was founded to bring like minded couples together in fun, sexy and safe environments.\r\n','',26,401,'1*888*317*1599','TheHedonistClub@Hotmail.com','http://www.thehedonistclub.com/',NULL,NULL,2,'2009-09-05',0),(833,'Best Damn Bar And Grill','Best Damn is also home to lifestyle parties which are sure to entice! We offer a private setting where like-minded people can feel relaxed and at ease!','1216 Dix Rd. Lincoln Park',26,NULL,'(313)383-9474','','http://www.bestdamnbarandgrill.com/',NULL,NULL,5,'2009-06-18',0),(834,'Club Vibe','If you are looking for a great place to network and meet other \"swinging\" couples, CLUB VIBE is the place for you.','Traverse City area',26,NULL,'231-886-0045','djmikeyrocks@hotmail.com','http://www.funhotstuff.com/clubvibe/',NULL,NULL,1,'2009-09-30',0),(835,'Metro Detroit Hotel Party Club','On-Premise parties for D/D/D free couples...in and around the \"D\"','',26,421,'','detroitpartyclub@yahoo.com','http://jimnkathy.tripod.com/',NULL,NULL,2,'2009-07-26',0),(836,'West Side Lounge','A private banquet room down stairs  available for Swingers Events.  This is a full bar, with it\'s own dance floor West Side Lounges DJ pipes his music down stairs  for your entertainment.','1000 W. Lincoln - Ionia',26,NULL,'616-527-7721','Simonandycheryl@sbcglobal.net','http://www.westsideloungem21.com/',NULL,NULL,2,'2009-06-15',0),(837,'Michigan Pleasures','4 private bedrooms and a playroom. ','Lake Huron',26,NULL,'','Michiganpleasure@aol.com','http://www.michiganpleasures.com/',NULL,NULL,4,'2009-07-29',0),(838,'Club Aphrodite','Private swinger parties once a month. We will welcome all to our parties.\r\n','Shelby Township',26,415,'','fiestynsweet37@yahoo.com','',NULL,NULL,2,'2009-06-07',0),(839,'Flirtz','A professionally-run lifestyle group that helps people connect with other lifestyle adults by providing unique and safe social forums across the U.S. and Canada.','',26,421,'877-493-6880','hosts@flirtzlifestyle.com','http://flirtzlifestyle.com/welcome.php',NULL,NULL,2,'2009-07-04',0),(840,'Spice','Have a great experience in our off-premise club with an on-premise flair!','',26,401,'','g_ang2006@hotmail.com','http://www.freewebs.com/spicelife/',NULL,NULL,4,'2009-09-18',0),(841,'Red Light Social Club','Social club for couples, single females, and single males. No Sexual Activity Allowed on Site.  Topless allowed with nipples covered and genitals must be covered at all times.\r\n','',26,401,'313-320-2750','redlightdetroit@yahoo.com','',NULL,NULL,2,'2009-08-27',0),(842,'Masters\' Manor','Masters\' Lounge, The Library, The Bar, The Disco, The Playroom (with a complete assortment of toys devices and equipment), The Sensual Bedchambers, The Dressing Rooms and much more.','Bloomfield Hills',26,NULL,'','info@mastersmanor.org','http://mastersmanor.org/',NULL,NULL,3,'2009-09-10',0),(843,'55 West Social Club','Open to all Lifetime and Free member\'s of S LS.',' 55 West Social Club, Cadillac',26,NULL,'','princesscasper1973@yahoo.com','http://55westsocialclub.webs.com/',NULL,NULL,3,'2009-09-12',0),(844,'Hotblondes36C','An upscale bar with 2 floors, the band performs above the bar. The Bar will be open to the public but the bar has plenty of room to mix and mingle.','17470 Hall Rd Clinton Township',26,398,'(586) 286-2600','','http://www.hotblondes36c.webs.com/',NULL,NULL,3,'2009-08-17',0),(845,'GrandRapids meet and greet','Swingers events at various locations.\r\n','wyoming',26,428,'','abillbarb@yahoo.com','http://groups.yahoo.com/group/GrandRapidsMeetandGreet/',NULL,NULL,5,'2009-06-20',0),(846,'Tulip City Swingers','House Parties. Have a relaxed good time meeting new friends and sharing adult moments together. :-)','Holland',26,NULL,'616-594-839','tigerbitale@yahoo.com','http://groups.yahoo.com/group/TulipCitySwingers/',NULL,NULL,2,'2009-09-07',0),(847,'Manhattan Club Entertainment','A Hot, Sexy Entertainment Venue in Lansing for Couples and Singles.','',26,406,'810-955-7288','mce_09@yahoo.com','http://groups.yahoo.com/group/mce_09/',NULL,NULL,3,'2009-07-22',0),(848,'UP Swing & Friends','From mild to wild. Discretion in and out of the group is a must.A variety of activities will be planned in various locations, concentrating on the central UP.','Marquette',26,NULL,'','racensassy@yahoo.com','http://groups.yahoo.com/group/UPswing-n-friends/',NULL,NULL,5,'2009-06-03',0),(849,'for your pleasures','House parties and meets at a local bar.\r\n','',26,413,'313-772-1827','moe4ba2000@yahoo.com','http://groups.yahoo.com/group/FORYOURPLEASUREAMACPL37/',NULL,NULL,4,'2009-09-02',0),(850,'Club 68','Exclusive place for couples to party and get to know one another in a private, hotel party atmosphere.','Houghton Lake',26,NULL,'','clubsixtyeight@gmail.com','http://groups.yahoo.com/group/clubsixtyeight/',NULL,NULL,4,'2009-06-09',0),(851,'Mibiswingers','One or both of a couple must be bi and all singles must be bi.','Mount Morris',26,NULL,'','flintkinkycpl@yahoo.com','http://groups.yahoo.com/group/Michbiswingers/',NULL,NULL,5,'2009-07-20',0),(852,'Muskegon Meet and Greet','A monthy function so local swingers have a place to gather and meet others in the lifestyle. ','Night Club 80 E.SeawayDrive in Muskegon',26,NULL,'','michcplwst@hotmail.com','http://groups.yahoo.com/group/MuskegonMnG/',NULL,NULL,5,'2009-06-10',0),(853,'Genesee Swingers Club','be real, have fun, and no means no. ','Grand Blanc',26,NULL,'','grblancouple4fun@yahoo.com','http://groups.yahoo.com/group/GeneseeSwingers/',NULL,NULL,1,'2009-06-11',0),(854,'Muskegon Hotel and House parties','A safe place each month to have parties. For every single girl we will allow a single guy.But heres the good part,each couple may bring a single man or women.','Muskegon',26,NULL,'','Michcplwst@hotmail.com','http://groups.yahoo.com/group/MGSW_H_H/',NULL,NULL,4,'2009-07-14',0),(855,'Southeast Michigan Bi-Swingers','Swing with local folks, like a 3 county area, like Oakland, Wayne, and Livingston counties. ','Oakland, Wayne, and Livingston',26,112,'','se_mich_bi_swingers@comcast.net','http://groups.yahoo.com/group/Se_mich_bi_swingers/',NULL,NULL,2,'2009-09-06',0),(856,'Couples For Swinging Singles','','',26,NULL,'','','',NULL,NULL,1,'2009-07-27',0),(857,'Couples For Swinging Singles','This is a place for lifestyle couples to find couples, single ladies and/or single males.','St Clair Shores',26,NULL,'','CouplesForSwingingSingles@yahoo.com','http://groups.yahoo.com/group/micouplesforswingingsingles/',NULL,NULL,3,'2009-09-12',0),(858,'DP Swing','A vessel where All Like Minded, Grown and Sexy Swingers can connect with other compatible Swingers and share their Erotic Fantasies by applying their own boundaries and guidelines with one another! ','',26,401,'','dpswing251@yahoo.com','http://groups.yahoo.com/group/dpswing/',NULL,NULL,1,'2009-06-04',0),(859,'Sweet Candy Club','Enjoy or fantasies about fu*king and play with black pu**y. ','',26,417,'','Sweetcandyclub@yahoo.com','http://groups.yahoo.com/group/Sweetcandyclub/',NULL,NULL,5,'2009-08-26',0),(860,'Adult Great Lakes Boating','A very diverse group from curious to Adult Boaters to swingers.','Lake St. Clair',26,NULL,'','seafogg4@yahoo.com','http://groups.yahoo.com/group/adultgreatlakesboating/',NULL,NULL,2,'2009-06-30',0),(861,'badbootydaddys','Monthly parties for couples and single females with lots of outdoor activities.\r\n','Ypsilanti',26,NULL,'','badbootydaddys@yahoo.com','http://groups.yahoo.com/group/badbootydaddys/',NULL,NULL,4,'2009-08-11',0),(862,'Northaven Resort','\"Clothing Optional\" Resort and Campground.','11400 Waterman Road\r\nBrooklyn',26,NULL,'517-592-6170','','http://www.northavenresort.net/',NULL,NULL,5,'2009-07-06',0),(863,'Moonlight Seductions','Classy, upscale private events for adventurous and sensual adults.','Madison Heights',26,NULL,'(248) 880-9910','MoonlightSeductions@yahoo.com','http://groups.yahoo.com/group/MoonlightSeductions/',NULL,NULL,3,'2009-06-22',0),(864,'Speak EZ',' Spacious open play area for those that wish to enjoy a night of adult fun and clean sheets are easily available.','between Ann Arbor and Dundee',26,393,'1 734 439 0686','biskim_twistedsex2002@yahoo.com','http://groups.yahoo.com/group/swingers_and_u/',NULL,NULL,5,'2009-08-08',0),(865,'MN Party Connection (MPC)','Attraction is for open-minded couples, single men and single women. We dont care about your race, height, weight, religion, political beliefs, etc.','',27,433,'320-245-6803.','','http://attractionusa.com/',NULL,NULL,3,'2009-07-03',0),(866,'Big O Events','Monthly off premise events for open minded adults.','Shakopee',27,NULL,'','snjforplay@hotmail.com','http://www.bigoevents.com/',NULL,NULL,1,'2009-09-02',0),(867,'Northern Minnesota Swingers','For swingers whom are interested in making acquaintances,with benefits.','Baudette',27,NULL,'807-483-7745','dtauer@tbaytel.net','',NULL,NULL,4,'2009-07-09',0),(868,'Hub City Select','A group of attractive young professionals who are  outgoing, full of energy and enjoy All the Lifestyle has to offer.','Hattiesburg',29,NULL,'','lovely484848@yahoo.com','http://www.hubcityselect.com/',NULL,NULL,4,'2009-08-26',0),(869,'Corinth\'s Social','White couples only club * BYOB *','Corinth',29,NULL,'','corinthssocial@yahoo.com','http://groups.yahoo.com/group/corinthsocial/',NULL,NULL,5,'2009-06-27',0),(870,'The Next Level','Upscale private on premise party house for couples and single females. This is NOT a club. This is our weekend house.','',29,383,'','Rockstarcpl69@yahoo.com','http://groups.yahoo.com/group/thenextlevel_ms/',NULL,NULL,2,'2009-07-20',0),(871,'Pinebeltswingers',' Meet Greets every few months, a place to socialize in a lifestyle friendly environment. ','Taylorsville',29,420,'601-466-3277','pinebeltswingers@yahoogroups.com','http://groups.yahoo.com/group/pinebeltswingers/',NULL,NULL,5,'2009-06-18',0),(872,'Club_Oasis','private\" - \"exclusive\" club for those that want something more than just the same ole thing you are used to finding. A place where there are no \"set\" rules.','Lamar',29,NULL,'','ss63ritchie@comcast.net','http://groups.yahoo.com/group/Club_Oasis/',NULL,NULL,1,'2009-06-14',0),(873,'Bay Springs Party House','An OPEN Group For Both Couples And Singles to meet and have fun. ','Bay Springs',29,NULL,'601-764-2343','bayspringspartyhouse@yahoogroups.com','http://groups.yahoo.com/group/BaySpringsPartyHouse/',NULL,NULL,2,'2009-07-15',0),(874,'Biloxi Adult Club','Singles and couples in and around the Biloxi area looking for fun and frolic in the adult lifestyle. ','',29,443,'','BiloxiAdultClub@yahoogroups.com','http://groups.yahoo.com/group/BiloxiAdultClub/',NULL,NULL,4,'2009-08-12',0),(875,'MS Parties','Source for info regarding parties and club events throughout the state. ','',29,445,'','MS_Parties@yahoogroups.com','',NULL,NULL,3,'2009-08-06',0),(876,'The Blue Moon Rendezvous','Unleash your inhibitions, explore your sensual fantasies and enhance your relationship.\r\n','Vicksburg',29,NULL,'601-634-9586','couplenlov@yahoo.com','http://groups.yahoo.com/group/thebluemoonrendezvous/',NULL,NULL,1,'2009-07-05',0),(877,'CountyLine_CSSC','On premise club parties every 3 months.\r\n','Bruce',29,NULL,'','Countyline_CSSC@yahoo.com','http://groups.yahoo.com/group/JnRsCountyLine_CSSC/',NULL,NULL,5,'2009-09-06',0),(878,'Swingin Mississippi','People that are sexually active to meet others that are sexually active!','Martinville',29,NULL,'','buffguy4u2002@yahoo.com','http://groups.yahoo.com/group/swinginmississippi/',NULL,NULL,5,'2009-08-04',0),(879,'Show Me Friends Convention','Hotel swingers parties.\r\n','Lake Of The Ozarks',28,NULL,'','debinlarry@yahoo.com','http://www.showmefriends.com/',NULL,NULL,1,'2009-07-02',0),(880,'Club Lifestyles Kansas City (CLKC)','On premise club for couples, females and selected single men.','',28,449,'','owner@clublifestyleskc.com','http://www.clublifestyleskc.com/',NULL,NULL,2,'2009-07-20',0),(881,'Missouri Lifestyles Club','\"Off Premises\" dance and party club, BYOB.\r\n','Sedalia',28,NULL,'417-241-8055','MissouriLC@yahoo.com','http://www.missourilifestylesclub.com/',NULL,NULL,1,'2009-09-23',0),(882,'STLADULTCONNECTION','An Adult Group for Committed \"Lifestyle Friendly\" Couples and Ladies 21 and Over.','t. Louis Metro Area',28,NULL,'','tatnmouse@sbcglobal.net','http://groups.yahoo.com/group/StlAdultConnection/',NULL,NULL,1,'2009-09-10',0),(883,'Central States Lifestyles','We are both Couples and Singles (Female and Male) friendly.','',28,449,'','a_kccouple2000@yahoo.com','http://groups.yahoo.com/group/CentralStatesLifestyles/',NULL,NULL,3,'2009-09-23',0),(884,'Erotic Lifestyles','A place for couples & singles to meet, make friends & more.','',28,451,'417-868-0183','the_shyy_one@yahoo.com','http://groups.yahoo.com/group/eroticlifestyles/',NULL,NULL,2,'2009-09-04',0),(885,'Gateway Dreams & Desires','Monthly theme dances.','St Louis',29,NULL,'618-567-6640','DugCyn2728@yahoo.com','http://groups.yahoo.com/group/gatewaydreamsanddesires/',NULL,NULL,1,'2009-09-15',0),(886,'A Little Twisted in the Rockies',' In addition to this we have an indoor swimming pool, a hot tub, conveniently located restrooms, and rooms and space to play and to get to know one another.  We also have a pool table, game table.','Fox',30,NULL,'','info@alittletwistedintherockies.com','http://www.alittletwistedintherockies.com/',NULL,NULL,1,'2009-06-26',0),(887,'Ten99 Club','An Alternative Lifestyle Club That Caters To All Lifestyles & Welcomes Everyone Who Respects The Rights Of All.','1099 S Virginia St',32,466,'(775) 329-1099','','http://www.ten99club.com/','39.512697','-119.806998',5,'2009-06-11',0),(888,'pokher-knights','Private on-premise party 2 nights a week.\r\n','',32,466,'(775)772-6944','tedeb@sbcglobal.net','http://www.pokher-knights.com/',NULL,NULL,3,'2009-06-06',0),(889,'Purrfect Las Vegas','Attractive people are a central focus of our events. The unique balance of \"Beautiful People\" throughout the entire party is what keeps our parties fun and sexy & in a class of their own. ','',32,463,'(702) 510 - 5258','IMAN@purrfectLV.com','http://www.purrfectlv.com/',NULL,NULL,1,'2009-08-05',0),(890,'Hush Swingers Club','6,000 Sq Ft Adult Playground complete with Dance Floor, Couples only areas, Lockers, Showers, and other fine amenities to help you live out your fantasies.','',32,463,'','swingers@hushclub.net','http://www.hushclub.net/','36.170932','-115.146074',5,'2009-08-04',0),(891,'JJ Western Swing','On premise, private residence house party.  Parties start Friday, at 9 PM, and go on through Sunday, till? The evenings are filled with music, theme parties, contests and erotic fun. ','Pahrump',32,NULL,'775 513-3544','jbigblock69@aol.com','http://www.jjwesternswing.com/',NULL,NULL,1,'2009-09-10',0),(892,'SINSATIONS','our paid membership includes free admission to various strip clubs, night clubs, and our weekly social gatherings.','',32,463,'702-326-1129','info@lvsinsations.com','http://www.lvsinsations.com/',NULL,NULL,5,'2009-06-01',0),(893,'Red Rooster 3','Swing Party for couples and singles. Established in 1982 by Mike and Chris as a natural extension of their own uninhibited sexuality.','953 E Sahara Ave',32,463,'(702) 732-2587','','http://www.vegasredrooster.com/','36.143689','-115.140763',3,'2009-07-03',0),(894,'Las Vegas Chocolate Delite Private VIPCLUB','Our activities include hosting upscale interracial swing parties, gangbang parties, fantasy fulfillment parties and in arranging select private encounters.','',32,463,'702-357-1301','smart2000b@aol.com','http://www.lvcdpvipclub.com/',NULL,NULL,1,'2009-08-02',0),(895,'SinCityRetreat','Young, professional couples for young, professional  couples and select singles looking for a safe, comfortable and private lifestyle party.','',32,463,'','info@sincityretreat.com','http://sincityretreat.com/',NULL,NULL,3,'2009-07-22',0),(896,'Tahoe Reno Lifestyles','Parties for couples and bi-females in different places.','Tahoe Reno area',32,466,'','TahoeRenoLifestyles@yahoogroups.com','http://groups.yahoo.com/group/TahoeRenoLifestyles/',NULL,NULL,1,'2009-09-09',0),(897,'Club Europa','Enjoy our intimate settings, from private to open play rooms. ','',33,383,'','EuropaDance1@aol.com','http://europadance.tripod.com/',NULL,NULL,3,'2009-07-30',0),(898,'Second Saturday Club','Meet and Greet party club catering to the Lifestyle, also known as Swinging. NO sexual activity takes place.  We meet in a public place.','',34,504,'','Admin@secondsat.com','http://www.secondsat.com/',NULL,NULL,5,'2009-06-01',1),(899,'Private Passions M&G\'s','Club is located inside of a hotel (huge private room), a wide variety of lifestyle couples to single females from newbies, seasoned & veteran swingers.','Bordentown',34,NULL,'','rwva@private-passions.org','http://www.private-passions.org/',NULL,NULL,2,'2009-07-03',0),(900,'Round Valley Swingers','ouples and singles are invited to party and socialize in a no pressure atmosphere. THIS IS NOT A PLAY PARTY. In the early evening we chat, dance, eat and drink together. As the evening goes on SOME people may drift away to a nearby hotel.','Somerset',34,NULL,'','hooplenhotdi@hooplenhotdi.us','http://www.hooplenhotdi.us/rvs/',NULL,NULL,4,'2009-08-03',0),(901,'HUSH Parties','Off Premise Party. Lifestyle couples and single women.','Somerset',34,NULL,'','parties@hushpartiesnj.com','http://hushpartiesnj.com/',NULL,NULL,3,'2009-09-06',0),(902,'NJ Swing Lifestyle Home Party','An amazing and friendly Meet & Greet in Lingerie in a private home for couples and single females to share some nice conversations, have a drink and a little naughtiness.','Allentown',34,NULL,'','swing@djpv.com','http://www.djpv.com/NJSwingLifestyle.htm',NULL,NULL,1,'2009-09-30',0),(903,'Rob and Laurel\'s Roxin House Party','Regular gatherings for group sex, massage and any other interests people bring to the table.','Parsippany',34,NULL,'','roxllf@yahoo.com','http://www.roxllf.net/',NULL,NULL,4,'2009-09-14',0),(904,'AC ShoreThing','A Sexy Uncensored Risque Event','Jersey Shore',34,NULL,'','ACShoreThing@comcast.net','',NULL,NULL,2,'2009-06-05',0),(905,'Tangled Pleasures','Open to all couples, females and single males who are respectful of others and are NEVER into pressuring others.','Williamstown',34,NULL,'','TangledPleasures@yahoo.com','http://groups.yahoo.com/group/TangledPleasures/',NULL,NULL,4,'2009-08-14',0),(906,'South Jersey Sexy Friends','A non-permissive event at a public location that may be closed to the public on our night.','',34,475,'','SouthJerseySexyFriends-owner@yahoogroups.com','http://groups.yahoo.com/group/SouthJerseySexyFriends/',NULL,NULL,4,'2009-09-10',0),(907,'Sosexyjerseyfun','Get together for meet n greets and other events for sexy fun.','',34,475,'','sosexyjerseyfun@yahoogroups.com','http://groups.yahoo.com/group/sosexyjerseyfun/',NULL,NULL,4,'2009-07-10',0),(908,'Guilty Pleasures Club','Particular group for the sexiest, classiest, sensual couples and single ladies.','',34,475,'','privateintentions@yahoo.com','http://groups.yahoo.com/group/GuilltyPleasures/',NULL,NULL,5,'2009-07-19',0),(909,'The Pleasure Palace','ALL ages,races,shapes,sizes and colors are WELCUM. When your enjoying yourself none of that matters. ','',34,490,'','sp0iled1nj@yahoo.com','http://groups.yahoo.com/group/Da_Yung_Gunzz_Pleasuredome/',NULL,NULL,2,'2009-07-03',0),(910,'Delaware Valley Adult Travelers',' Trips may include single day journeys to local area hot spots or weekend getaways that promise to be fun-filled and titillating.','Atlantic City',34,NULL,'','Southjerseym4fun@aol.com','http://groups.yahoo.com/group/DelawareValley_AdultTravelers/?yguid=228978042',NULL,NULL,3,'2009-07-28',0),(911,'Sun N Fun Swingers','Hang out natural and let nature take its course or give nature a helping hand. We believe in, practice, and encourage safe relationships. Group Meet Greets will be held monthly.','Florence',34,NULL,'','John696605@aol.com','http://groups.yahoo.com/group/SunNFunSwingers/',NULL,NULL,2,'2009-07-23',0),(912,'NY/NJ Bi-State Gathers','Welcome one and all playtime friends to a group of happy social adults who like to meet and make new intimate friends in a party atmosphere.','Mahwah',34,NULL,'','adventurenj999@yahoo.com','http://groups.yahoo.com/group/NY_NJBiStateGathers/',NULL,NULL,3,'2009-08-03',0),(913,'The FreakySuites','THIS IS A PRIVATE CLUB. What goes on here STAYS HERE. ','',34,490,'267-283-7747','FreakyCupple69@Yahoo.com','http://groups.yahoo.com/group/Fantasy_Island2/',NULL,NULL,5,'2009-09-25',0),(914,'NJ Forbidden Fruit','Swinging network that caters to YOUNG BLACK,MINORITY AND INTERRACIAL swingers. ','east orange',34,115,'973-896-6274','Jaydanasara@yahoo.com','http://groups.yahoo.com/group/Njforbiddenfruit/',NULL,NULL,3,'2009-09-07',0),(915,'Swingingin2003_Lives','ommitted Couples Single Females Who Are In The Lifestyle.','Iselin',34,NULL,'','Swingingin2003_Lives@yahoogroups.com','http://groups.yahoo.com/group/Swingingin2003_LivesOn/',NULL,NULL,3,'2009-06-09',0),(916,'The District','Because everyone deserves a little fun.','',35,506,'','nmharleycpl@yahoo.com','http://www.districtparties.com/',NULL,NULL,2,'2009-09-24',0),(917,'Caliente Tiempo','The perfect house party for the perfect swingers.','Santa Teresa',35,NULL,'','carman110@yahoo.com','http://groups.yahoo.com/group/calientetiempo/',NULL,NULL,2,'2009-07-30',0),(918,'Albuquerque Ball of Confucian',' All Albuquerque area adult naturalists, flashers, exhibitionist, swingers, voyeurs, and nice people welcome. ','',35,506,'','eandl@ericyberworld.com','http://groups.yahoo.com/group/Albuquerque_Ball_of_Confucian/',NULL,NULL,2,'2009-07-03',0),(919,'Rio Rancho Swingers Community','A place where Swingers in Rio Rancho Can Get Together.','',35,508,'','TaintedLoversinRioRancho@gmail.com','http://groups.yahoo.com/group/RioRanchoSwingersCommunity/',NULL,NULL,1,'2009-06-27',0),(920,'YUMMY','Hot Tubs, Swimming Pools, Running through the sprinkler =P~~~ , Relaxing, Massage...','',35,506,'','Yummy_Couple@hotmail.com','http://groups.yahoo.com/group/Yummy_New_Mexico/',NULL,NULL,4,'2009-06-11',0),(921,'Janie Jim Ranch','Private on-premise parties for local swingers.','',35,506,'505-452-2366','janiejimranch@aol.com','http://groups.yahoo.com/group/janiejimranch',NULL,NULL,1,'2009-09-10',0),(922,'Entice','We specialized in Events not just meet and greets.  We also host travel adventures and fun outings.','',36,542,'(585) 334-8785','','http://www.enticeny.com/',NULL,NULL,2,'2009-07-30',0),(923,'Charldine Club [ International ]','We accept adults of consensual legal age. They are committed to explore and develop their sexuality. They demonstrate a willingness to receive as well as to give while participating in our on premises parties.','',36,537,'585 334 8785 (888 entice 2)','info@enticeny.com','http://www.charldine.com/',NULL,NULL,3,'2009-09-06',0),(924,'Roberto\'s Nightclub','Huge Meet And Greet At Roberto\'s Nightclub.Doors Open At 7:00PM. Free Admission For Couples All Night Long.','Commack',36,NULL,'631-493-5707','upscalerobertos@hotmail.com','http://www.robertosnightclub.com/',NULL,NULL,3,'2009-07-28',0),(925,'SNK\'S Swingtown','Club offers you the unique opportunity of meeting others who are looking for the same things as you.  There are many hotels in the area within 5 minutes of our venue.  If you meet the right people and wish to have an after party it is only minutes away.    ','Orange County',36,115,'','snk4lotsoffun@yahoo.com','http://www.snksswingtown.com/',NULL,NULL,3,'2009-09-05',0),(926,'Badd Kitty Club','15-person hot-tub, with luxurious towels and lockers for your personal affects. Comfortable, intimate candle-lit sitting areas with plush leather furniture. Pool table, dart board, and games offered to willing participants all evening! \r\n4 Theme rooms.','Fredonia',36,NULL,'(716) 785-2799','members@baddkittyclub.com','http://www.baddkittyclub.com/',NULL,NULL,1,'2009-06-24',0),(927,'Marie-Playmates','House swinger parties.','Quaker Street',36,NULL,'','marie@marie-playmates.net','http://www.marie-playmates.net/',NULL,NULL,4,'2009-09-04',0),(928,'Elmira Meet and Greet','A monthly off~premise party for like~minded people...over the age of 21 to gather and make connections with other fun loving couples. Hosted by Swingers for Swingers!','Elmira',36,NULL,'','lovingcouple4fun@yahoo.com','http://www.elmira-meet-and-greet.com/',NULL,NULL,2,'2009-08-05',0),(929,'Adult Socials',' Alternative lifestyle promotion/events.','',36,536,'212-802-5019','info@adultsocials.com','http://www.adultsocials.com/',NULL,NULL,5,'2009-07-08',0),(930,'Sensual Utopia/NY','Sensual Utopia meticulously hand picks our guests to provide an atmosphere of like minded Single Females and Couples to explore an exotic ambiance.','Midtown',36,NULL,'203-534-9269','redd@sensualutopia.com','http://www.sensualutopia.com/',NULL,NULL,4,'2009-09-27',0),(931,'Saturday Evening Host @ The Starlite','A variety of food items are available from appetizers ($5) to dinner ($15). We love to flirt, play games and do a little dancing.   We are a no cover charge evening out with the opportunity to meet a variety of like minded friends. ','Starlite Room Lounge, 3018 Lake Road',36,NULL,'607-733-3333','nymiki39@yahoo.com','http://saturdayeveninghost.vpweb.com/default.html',NULL,NULL,3,'2009-06-09',0),(932,'Hudson Valley Horndogs','Off-premise parties with donations.','Fishkill',36,NULL,'','hudsonvalleyhorndogs@gmail.com','',NULL,NULL,5,'2009-09-07',0),(933,'Just4fun-Bi2','FF, FM and MM couples club.','Altamont',36,NULL,'','just4fun_bi2@Ymail.com','http://just4fun-bi2.quadm.com/',NULL,NULL,3,'2009-07-26',0),(934,'SKINpartyNYC','Off-premise posh parties.','',36,536,' (212) 802-SKIN','NYCSKINparty@aol.com','http://www.skinparty.com/',NULL,NULL,4,'2009-09-06',0),(935,'NY Club Chameleon','These parties are small and intimate and will thusly be kept to the \"Invite Only\" requirement.','',36,536,'','info@nyclubchameleon.com','http://www.nyclubchameleon.com',NULL,NULL,1,'2009-07-21',0),(936,'Party Naked Baby','Are you heading somewhere? Taking a groups of friends? Let us know and we\'ll get you on the PNB calendar. ','',36,94,'','PNBFolks@aol.com','http://www.partynakedbaby.com/Party_Naked_Baby.html',NULL,NULL,3,'2009-07-23',0),(937,'Alexa4fun','Meet and Greet followed by a Full Swap party. Couples and single females with invited males.','Latham',36,NULL,'','Alexa@Alexa4fun.com','http://alexa4fun.com/',NULL,NULL,3,'2009-06-25',0),(938,'SexySwingersBoatClub','A day or night out on the water enjoying what boating has to offer allthewhile enjoying the lifestyle with others who also enjoy it.     ','Merrick',36,NULL,'','sexyswingerboatclub@live.com','http://www.sexyswingersboatclub.com/',NULL,NULL,4,'2009-07-04',0),(939,'Share Temptation','Monthly Themed parties hosted in Our Upscale Private Nightclub. BYOB, 2 bars stocked with all mixers & service provided by our sexy bartenders on hand, huge dance floor with DJ, Seating all over and on premise play room! ','New Paltz',36,NULL,'','events@ShareTemptation.com','http://sharetemptation.com/',NULL,NULL,3,'2009-09-26',0),(940,'Lake George Social Club','Special events that will allow you to assemble, be themselves, in a safe environment  without judgment.','Lake George',36,NULL,'518-638-8474','info@lakegeorgesocialclub.com','http://www.lakegeorgesocialclub.com/Home_Page.php',NULL,NULL,2,'2009-08-29',0),(941,'Long Island Swingers Party Group','On-premise parties for couples and single guys.','West Babylon',36,512,'631-374-9707','LISwingersGroup@aol.com','http://www.adultshoppers.com/',NULL,NULL,1,'2009-09-11',0),(942,'Club_Mystique','A special mix of On and Off premise going on.  There was a huge dance floor for the off premise teasing and dancing.  There was a center bar where drinks were served by two very beautiful ladies.  There were two private play rooms up front for two to four couples to play and a Huge seperate play room for group activities. If anyone was not into the on-premise stuff they didn\'t have to see it in there faces, and could just enjoy the danceing and off-premise stuff in the main area.','Manhattan',36,NULL,'','Club_Mystique@yahoo.com','http://club-mystique.tripod.com/',NULL,NULL,5,'2009-09-18',0),(943,'Sublime Diversions',' Events open to invited Couples and Single Females only','Manhattan',36,NULL,'','sexxxclub@yahoo.com','http://www.sublimediversions.com/',NULL,NULL,4,'2009-09-26',0),(944,'Naughty Nightcaps','Parties do attract some people who participate in the swing lifestyle, most of our guests are just out to have some very sexy fun.  Our parties are different than true swinger events with an emphasis on open sexuality rather than just partner swapping.','',36,510,'','info@naughtynightcaps.com','http://www.naughtynightcaps.com/',NULL,NULL,4,'2009-08-13',0),(945,'CnyPlayful_Intentions',' A couples club that was founded to bring like minded couples together in a fun, sexy and safe environment.','',36,547,'315-796-5517','CnyPlayful_Intentions@yahoogroups.com','http://www.cnyplayfulintentions.com/',NULL,NULL,5,'2009-08-08',0),(946,'WeParty','BYOB parties for couples and singles.\r\n','Fort Edward',36,NULL,'','weparty@verizon.net','http://wepartyusa.com/default.aspx',NULL,NULL,3,'2009-06-30',0),(947,'NY Area BBW Swingers','On premises parties for couples and singles. BBW females and the male members who might enjoy them.','',36,421,'','spclubhouse1@yahoo.com','http://bbw.charldine.org/',NULL,NULL,4,'2009-07-05',0),(948,'The Estate','Private home, private play rooms, a movie area and sitting/ dancing area. ','Brewster',36,NULL,'914-906-2523','myswingerexchange@yahoo.com','http://www.myswingerexchange.com/',NULL,NULL,2,'2009-07-11',0),(949,'SatinSheetDreams','A variety of different types of events including meet & greets, private venue or house parties, and travel events. ','',36,510,'','satinsheetdreams@yahoo.com','http://www.satinsheetdreams.com/',NULL,NULL,5,'2009-09-26',0),(950,'Discrections','A live DJ, cash bar, and buffet. Dance, talk, mingle and explore the opportunities.','Binghamton',36,NULL,'','sweetone2one@yahoo.com','http://www.discretionforyou.com/',NULL,NULL,3,'2009-06-08',0),(951,'The Bacchus Society','Bi-weekly swingers\' playgroups where we offer a sexy and erotic, no-pressure, laid back environment for fit and attractive young couples, sexy, mature college students, and gorgeous women of any age to explore their fantasies.','East Greenbush',36,NULL,'','leighannquin@yahoo.com','http://www.bacchuspartyny.com/',NULL,NULL,4,'2009-06-25',0),(952,'NYC Private Party','Hotel parties as well as house parties, which couples and females are welcome to attend.','',36,536,'','staffer2012@yahoo.com','http://www.nycprivateparty.com/',NULL,NULL,5,'2009-08-12',0),(953,'Club Intimacy','On premise parties with hot young crowd.','',36,536,'','young_nyc.swingers@yahoo.com','http://www.schoolofsex.net',NULL,NULL,4,'2009-06-27',0),(954,'Black Tie Discretions','On premises club which means there are places to play should a connection be made. BYOB social with a $35 per couple cover at the door  single females are free. ','Southern Teir',36,NULL,'','blacktiediscretions@yahoo.com','http://www.geocities.com/blacktiediscretions/index.html',NULL,NULL,4,'2009-08-22',0),(955,'Carnal Connections','On- and off-premises Lifestyle parties at various locations throughout the Tri-State area.','',36,536,'','approvals@carnalconnections.net','http://www.carnalconnections.net/',NULL,NULL,3,'2009-09-12',0),(956,'Club Encounters','On-premise dance club - 5 days a week.','West Babylon',36,512,'','clubencounters@aol.com','http://www.orgyball.com/',NULL,NULL,1,'2009-09-21',0),(957,'Rick\'s Cabaret Couple\'s Club','Off-premise bar events.','',36,536,'','steveanddiamond@ricks.com','http://www.ricks.com/rc3.aspx',NULL,NULL,1,'2009-07-19',0),(958,'LI-BI-do Long Island Bisexuals','Social group Women, men and couples are all welcome You can be Bisexual, Bi-friendly or Bi-curious.','Long Island',36,NULL,'','LIBIdoParties@aol.com','http://groups.yahoo.com/group/LI-BI-do/',NULL,NULL,5,'2009-06-12',0),(959,'Latin Paradise','On-premise parties in hotels.','',36,489,'','latinparadisegroups@yahoo.com','http://groups.yahoo.com/group/latinparadise_group/',NULL,NULL,2,'2009-09-27',0),(960,'Pros_KittyKatt Play Ground','Plan parties with swinging community.','Brooklyn',36,NULL,'','Pros_KittyKatt@yahoogroups.com','http://groups.yahoo.com/group/Pros_KittyKatt/',NULL,NULL,2,'2009-08-28',0),(961,'Chocolate Cherry Lickers','A PLACE WHERE YOU CAN COME AND FULFILL YOUR WILDEST DREAMS.','Brooklyn',36,NULL,'','chocolatecherrylickers-owner@yahoogroups.com','http://groups.yahoo.com/group/chocolatecherrylickers/',NULL,NULL,4,'2009-06-27',0),(962,'CAT EYE 69','This group is for every swinger out there. If you like to have fun, socialize, and ofcourse get your play on then you\'ve come to the right place. ','Amsterdam',36,NULL,'','itastelikepeaches2106@yahoo.com','http://groups.yahoo.com/group/CATEYE69/',NULL,NULL,2,'2009-09-18',0),(963,'NYSwingers Partys','LADIES and COUPLES FREE before 9pm $60 after Single guys $100','',36,536,'','thefuntours@yahoo.com','http://groups.yahoo.com/group/nyswingersparty1/',NULL,NULL,1,'2009-09-26',0),(964,'American Traders','Swingers that love to experience new and wonderful things. ','Broadalbin',36,NULL,'518-932-8570','american.traders@yahoo.com','http://groups.yahoo.com/group/american_traders/',NULL,NULL,4,'2009-07-07',0),(965,'Luscious Parties','Private and exclusive social organization that helps produce erotic theme parties and special events exclusively for young, fun, attractive, open-minded, sexy women and cples. ','Long Island',36,NULL,'','Lusciousparties-owner@yahoogroups.com','http://groups.yahoo.com/group/Lusciousparties/',NULL,NULL,4,'2009-08-28',0),(966,'The Devil\'s Play Pin','Professional young black, hispanic and interracial couples and single females. ','BRONX',36,NULL,'','TYISTE_SHAWN@YAHOOGROUPS.COM','http://groups.yahoo.com/group/tyiste_shawn/',NULL,NULL,2,'2009-06-08',0),(967,'NYPleasureSeekers','The place to meet other local swingers in New York State and surrounding areas.','Saratoga Springs',36,NULL,'','candyspleasure2@yahoo.com','http://groups.yahoo.com/group/newyorkpleasureseekers/',NULL,NULL,4,'2009-08-09',0),(968,'Sacandaga Swingers','Gangbangs at various venues.','Gloversville',36,NULL,'','bigfig106@yahoo.com','http://groups.yahoo.com/group/sacandagaswingers/',NULL,NULL,3,'2009-09-07',0),(969,'ABOVE-N-BEYOND','House has 10 rooms and multi-leveled with areas for every level of entertainment. Features full bar and a steamy hot tub. We are looking for couples that are ready to party.','CEDARHURST',36,NULL,'516-851-6319','ABOVE_N_BEYOND69@YAHOO.COM','http://groups.yahoo.com/group/above_n_beyond69/',NULL,NULL,4,'2009-07-16',0),(970,'Brooklyn Swingers','A nice, comfortable meeting place to hold events with a dance floor and \"play\" area. ','Brooklyn',36,NULL,'347-865-3032','bkfynest@verizon.net','http://groups.yahoo.com/group/Brooklyn_Swingers/',NULL,NULL,3,'2009-06-25',0),(971,'GSpot','A New Style of On-Premise Swinging for like-minded Hot, Sexy Couples and Sensational, Succulent, Single Bi-females who enjoy The Swinging Lifestyle.','',36,536,'','sandr@sexingthecity.com','http://groups.yahoo.com/group/GSpot-/',NULL,NULL,4,'2009-06-23',0),(972,'The Natural Instinct','Hot tub suite swingers fetish /glory hole parties.','Marathon',36,NULL,'607 237 5820','xxxcheri@yahoo.com','http://groups.yahoo.com/group/THENATURALINSTINCTS/?yguid=164262354',NULL,NULL,4,'2009-08-05',0),(973,'Southern Tier Social Couples','Members-only events for couples and single females only. ','Angola',36,NULL,'','wnycplforplayfullness2000@yahoo.com','http://groups.yahoo.com/group/SouuthernTier_SocialCouples/',NULL,NULL,2,'2009-06-30',0),(974,'PrivateListParty','A venue for easy going ,educated, attractive, and iconoclastic Women and Couples.','',36,536,'','PrivateListParty@aol.com','http://groups.yahoo.com/group/PrivateListPartySelect/',NULL,NULL,1,'2009-07-04',0),(975,'Long Island Girls Only','Ladies Only! Refreshments and dinner will be provided. You MUST BYOB - no exceptions. There will be a WIDE selection of some of your favorite \"toys\" and lotions on hand for.','Long Island',36,NULL,'','LongIslandGirlsOnly-Owner@yahoogroups.com','http://groups.yahoo.com/group/longislandgirlsonly/',NULL,NULL,3,'2009-08-09',0),(976,'New York Videophiles','Private gatherings for group members.','Long Island',36,NULL,'516 902-4221','','http://groups.yahoo.com/group/newyorkvideophilesgroup/',NULL,NULL,4,'2009-08-19',0),(977,'HOTNYCSWINGERS','winging couples dating for romance, adult fun, party or simply friendship. ','BRONX',36,NULL,'','bxhotlips4u@yahoo.com','http://groups.yahoo.com/group/hotnycswingers/',NULL,NULL,3,'2009-07-03',0),(978,'LIGangbang','Couples and Singles meet once a month for parties or in private.','Massapequa',36,NULL,'','sweetjelybe@yahoo.com','http://groups.yahoo.com/group/LIGangBang/',NULL,NULL,3,'2009-09-20',0),(979,'Merrymakers','Open to \"couples and single females only\", Merrymakers holds monthly dances (2nd Saturday) and occasional special events.','',36,517,'716-866-4856','Merrymakers2@aol.com','http://groups.yahoo.com/group/merrymakersbuffalony/',NULL,NULL,3,'2009-07-12',0),(980,'Sin-namon','swinging couples and single females who appreciate the kinkier side of things in Broome County and surrounding areas, and find that you don\'t just belong to swingers, or B.D.S.M, but want to be involved in both.','Binghamton',36,NULL,'','Miki_and_Mike@yahoo.com','http://groups.yahoo.com/group/Sin-namonfriends/',NULL,NULL,1,'2009-06-24',0),(981,'SwingeRus','House swingers parties.','BRONX',36,NULL,'646-244-4293 / 347-324-8308','swingerus@gmail.com','http://groups.yahoo.com/group/SwingeRus/',NULL,NULL,5,'2009-06-03',0),(982,'THE HOUSE','On-premise party. It is an adult social party, a place where people are free to explore their sexuality in a fun, but safe social setting without pressure.','',37,565,'','contact@iltephouse.com','http://www.iltephouse.com/',NULL,NULL,3,'2009-06-08',0),(983,'Carolina Connections Club','Monthly themed parties in various locations. The age range of our club is 20-60, with the majority of couples being in their 30\'s to late 40\'s.','Hickory',37,NULL,'828-320-4065','','http://www.cccparty.com/',NULL,NULL,3,'2009-09-04',0),(984,'East Carolina Couples','Off premise alternative club dedicated to providing an environment which allows you to explore your fantasies while enhancing your primary relationship. ','Goldsboro',37,NULL,'','info@eastcarolinacouples.com','http://www.eastcarolinacouples.com/',NULL,NULL,4,'2009-07-09',0),(985,'The Melting Pot For Adult Fun','This is a private adult social club designed for meet and greets and other adult activities.','',37,556,'','info@mp4af.com','http://meltingpot4adultfun.com/',NULL,NULL,3,'2009-07-24',0),(986,'The Greensboro\'s PDC Club','Our parties will be BYOB, with us providing some setups, and ice, cups,  and a huge buffet with snacks and finger food. We offer a wooden dance floor to get funky, a stripper pole to have fun on, and a love swing in one of our party rooms for your enjoyment. Donations even for single ladies.','',37,561,'','pdccpl@triad.rr.com','http://www.pdcclub.com/',NULL,NULL,5,'2009-06-11',0),(987,'Pleasure Parties','Private parties with small donations.','Lincolnton',37,459,'704-240-9319','pickleslady202@yahoo.com','http://pleasureparties.freeforums.org/',NULL,NULL,5,'2009-09-30',0),(988,'The Real Secret Society','Webboard for local swingers.','Lexington',37,NULL,'','tonyasbigdaddy96@yahoo.com','http://www.bestfreeforums.com/forums/therealsecretso.html',NULL,NULL,2,'2009-09-10',0),(989,'wicked sinsations','Price of admission is only $30.00. A couple and theres no membership fees. Public parties.','Lexington',37,NULL,'336/624-7293','nc_couple699@yahoo.com','http://www.wickedsinsations.net/',NULL,NULL,5,'2009-08-14',0),(990,'PREMIERE EVENTS','Premiere Events is here to provide likeminded people a place to party & let loose!! Our events will have people from all walks of life, aging from 21-70. We\'ll all have one thing in common, Excitement & Great Times!!','Reidsville',37,NULL,'','PremiereEvents@triad.rr.com','http://www.premiereeventsnc.com/',NULL,NULL,3,'2009-08-26',0),(991,'SandHills Couples','Sand Hills Couples  is a Private, Membership, Social Club catering to mature, open-minded adults. Membership is available to couples & single females ONLY.','',37,559,'','mark@sandhillscouples.com','http://www.sandhillscouples.com/',NULL,NULL,2,'2009-09-01',0),(992,'Carolina Bi-Couple Swing','A clearing house for those who are in search of others who enjoy open and sensual friendships, free from conventional boundaries found at other swing sites.','',37,556,'','changeagent1701@yahoo.com','http://carolinabicoupleswing.com/index.html',NULL,NULL,2,'2009-09-17',0),(993,'Gathering Of Lifestyle Friends -G.O.L.F','Club House is a unique blend of House Party and Swing Club. Lodging Facility consist of spacious rooms with Queen or King sized beds.  Space is limited so please reserve your room early if you need overnight lodging.','',37,398,'','admin@gatheringolf.com','http://www.gatheringolf.com/',NULL,NULL,5,'2009-08-27',0),(994,'Black Book, Ink','The exclusive swinger organization for those who wish to engage in specific and exotic sexual experiences.','',37,462,'(419) 573-9597','Kristin@KristinStoner.com','http://www.blackbook-ink.com/',NULL,NULL,4,'2009-07-06',0),(995,'Monkey Couples Sing & Swing','A private and social group of couples and single ladies who meet regularly at a public karaoke event and then meet privately in at a Hotel or private home. No membership fees.\r\n','Morganton',37,NULL,'828-221-0417','info@monkeycouple.com','http://www.monkeycouple.com/',NULL,NULL,5,'2009-07-24',0),(996,'Cape Fear Socials',' A group for lifestyle couples and single females in Fayetteville.','',37,559,'','sinful_gatherings@yahoo.com','http://groups.yahoo.com/group/cape_fear_socials/',NULL,NULL,3,'2009-08-02',0),(997,'Sinful Gatherings','Bi-weekly meet greet\'s for sexy couples in a public bar or club and there is no \'fee\' to attend.','Raleigh/Durham',37,558,'','sinful_gatherings@yahoo.com','http://groups.yahoo.com/group/sinful_gatherings/',NULL,NULL,3,'2009-09-11',0),(998,'Couples Nite Out','Dance parties are for open minded couples and single females only. ','Elkin',37,NULL,'336-244-6647','couples_nite_out@yahoo.com','http://groups.yahoo.com/group/couples_nite_out/',NULL,NULL,4,'2009-09-07',0),(999,'afterhours Pleasures in Kings Mountain','Relaxed and laid back group that just wants to have some fun, great parties and meet new people','Kings Mountain',37,NULL,'','afterhourshandj@yahoo.com','http://groups.yahoo.com/group/afterhourshandj/',NULL,NULL,5,'2009-09-09',0),(1000,'Cape Fear Connections (CFC)','Two floors, upstairs, you can get wild and anything goes! Downstairs is for new swingers and people not yet ready to go upstairs. Cost is Cpl\'s $20.00, Single Females $10.00 and Single Males $40.00.','',37,567,'','Capefearconnections@yahoo.com','http://groups.yahoo.com/group/capefearconnections/',NULL,NULL,3,'2009-09-18',0),(1001,'Nubian Carolina','A discreet,non-pushy,posh,one of a kind club that is geared towards all of you Kings and Queens with a wild or a mild side. ','',37,561,'','nubiancarolina@yahoo.com','http://groups.yahoo.com/group/nubiancarolina/',NULL,NULL,1,'2009-07-19',0),(1002,'Asheville Meet-n-Greet','This is a caring and responsible place to share, seek advice and meet new friends! We are about discussing and learning more about the Adult Recreational Lifestyle.','',37,554,'','kari@carolinaswinger.com','http://groups.yahoo.com/group/swingingqanda/',NULL,NULL,1,'2009-07-11',0),(1003,'Smokey Mountain Connections','MONTHLY MEET GREETS / COOK OUT\'S AND OUTING\'S FOR ALL TO ENJOY .','',37,554,'828-779-6776','apleasingcouple4u@yahoo.com','http://groups.yahoo.com/group/smokeymountainconnections/',NULL,NULL,1,'2009-07-02',0),(1004,'The Circle4Swingers','THIS IS A CIRCLE 4 COUPLES(M/F & F/F)AND BISEXUAL/CURIOUS FEMALES TO COME TOGETHER AND BE SEXUALLY COMFORTABLE IN A ENVIRONMENT WE PROVIDE OR SWINGER CLUBS.','',37,565,'','alquan_full_circle07@yahoo.com','http://groups.yahoo.com/group/thecircle4swingers/',NULL,NULL,5,'2009-08-07',0),(1005,'Princeton Club','BYOB on-premise swing club, $20 per person.\r\n','425 S Princeton Ave',39,575,'(614) 275-9861','','http://www.clubprinceton.com/','39.949617','-83.033323',5,'2009-07-01',0),(1006,'Eros Connection','BYOB parties. 2,000 sq. ft. facility located in a private, 24 hour secured building with keyed/electronic access. Buffet and dining area for you to enjoy your meal and appetizers. HUGE group room with TWO king size beds along with leather couches for fun and voyeurism. 8 large private play rooms for more discreet play.','Downtown Cleveland',39,574,'216-453-4185','info@erosconnection.com','http://www.erosconnection.com/',NULL,NULL,4,'2009-06-04',0),(1007,'The Devilz Paradise','Many get-togethers to include smaller functions like house parties, hotel room parties, trips to points near and far, and many other fun filled places for merrymaking. A number off-premise parties throughout the year. ','',39,587,'','info@devilzparadise.com','http://www.devilzparadise.com/',NULL,NULL,3,'2009-06-21',0),(1008,'Seductions','Dance, contests, Seductions After party rooms, $30.00 for all.\r\n','Northwood',39,NULL,'','nwocouple2006@yahoo.com','http://seductionstoledo.com/',NULL,NULL,2,'2009-09-09',0),(1009,'Club 440','On-remise events in different clubs, with music, catering, all amenities.','',39,573,'937-603-1682','','http://www.club440online.com/',NULL,NULL,3,'2009-06-06',0),(1010,'LakeErieIslandsAdultBoating','Different events for local swingers posted on webboard.','North Olmsted',39,NULL,'','lakeerie@lakeerieislandsadultboating.com','http://www.lakeerieislandsadultboating.com/',NULL,NULL,3,'2009-07-01',0),(1011,'Club CRRD','Regular parties and meet and greets. ','Mansfield',39,NULL,'','crrd2001@aol.com','http://www.crrd.net/',NULL,NULL,5,'2009-07-03',0),(1012,'The Top Hat','Just a regular bar where people can meet and socialize without being discriminated against or rejected for being in the swinging lifestyle.','Brookfield',39,NULL,'','roskandria@hotmail.com','http://www.freewebs.com/thetophatbarandgrill/',NULL,NULL,2,'2009-07-22',0),(1013,'Cleveland Playground','Quality hotel parties and nightclub takeovers. These events are specifically for couples who prefer quality over quantity.','',39,574,'','info@clevelandplaygound.com','http://www.clevelandplayground.com/',NULL,NULL,2,'2009-08-05',0),(1014,'Club Cougar','On and off premises parties for active ladies and their victims.','',39,574,'','cougar@clubcougar.us','http://www.clubcougar.us/',NULL,NULL,4,'2009-08-24',0),(1015,'PromoNet Events','Lifestyle friendly hotel parties and Meet and Greets.','Mason',39,NULL,'','emailPromoNet@yahoo.com','http://groups.yahoo.com/group/PromoNetEntertainment/',NULL,NULL,4,'2009-07-03',0),(1016,'The Naughty Neighborhood','Activities for local swingers.','',39,573,'','jaz@thenaughtyneighborhood.com','http://groups.yahoo.com/group/thenaughtyneighborhood/',NULL,NULL,4,'2009-07-03',0),(1017,'Nasty In The \'Nati Interracial Parties','Couples of any race, women of any race, black men only. 5-6 large parties a year with over 200 guests from all over the country some smaller parties gang bangs.','',39,573,'','funfrkycpl@yahoo.com','http://groups.yahoo.com/group/Nasty_In_The_Nati_Interracial_Parties/',NULL,NULL,1,'2009-06-26',0),(1018,'Ed & Renee\'s House Party','Regular swing party held at a secluded location.','Mt. Vernon',39,NULL,'','dynaman50@hughes.net','http://groups.yahoo.com/group/ohioswingparty2/',NULL,NULL,3,'2009-07-29',0),(1019,'Destiny Desires, LLC','Participate in our events so that you can meet others in your area too!!','',39,571,'','simplepleasures@commondestiny.net','http://groups.yahoo.com/group/Destiny_Desires/',NULL,NULL,3,'2009-06-26',0),(1020,'Club Firehouse','Dance Area with Pool table.','Howland Corners',39,NULL,'330-770-4076','nilescple00@yahoo.com','http://groups.yahoo.com/group/Clubfirehouse/',NULL,NULL,1,'2009-09-21',0),(1021,'Just A Party','All members are required to purchase a yearly membership. Single male memberships are $50.00 and Couples memberships are $25.00.   Ladies memberships are $10.00.  Entrance Friday nights is $50.00 for single men.  Couples are $25.00. Members can BYOB. On-premise.','1715 S. Sheridan Tulsa',40,595,'','swingerspartytulsa@yahoo.com','http://www.swingersparty.biz/',NULL,NULL,1,'2009-07-07',0),(1022,'The Club','An upscale dance social with complimentary hors d\'oeuvres, great DJ and dance music, dance pole, cage, shadowbox and a dance floor.','',40,594,'','THECLUBOKC@aol.com','http://www.theclubokc.com/',NULL,NULL,3,'2009-09-17',0),(1023,'Club Dreamers','Off premise lifestyles club. The dance floor has a variety of lighting effects and is large enough for everyone. There is a free pool table if you are interested in a little friendly competition.','',40,594,'405-640-1446','clubdreamers@swbell.net','http://www.clubdreamers.com/',NULL,NULL,1,'2009-08-02',0),(1024,'Pixie\'s Playhouse','Non-smoking off premise club. Soft drinks and some mixers will be furnished along with a variety of snack foods.','',40,594,'(405) 833-8950','pixiesplayhousefun@cox.net','http://www.pixiesplayhousefun.com/',NULL,NULL,3,'2009-06-09',0),(1025,'OKC City Nights','BYOB events (we provide the basic setups) and are a perfect opportunity for the curious and new-to-the-lifestyle couples to experience their first party.','',40,594,'','info@okccitynights.com','http://www.okccitynights.com/',NULL,NULL,5,'2009-06-20',0),(1026,'Hwy105','Dance socials for swingers.','Guthrie',40,NULL,'','playcouple@hwy105.com','http://www.hwy105.com/',NULL,NULL,2,'2009-09-03',0),(1027,'Night Light Desires','On premises events with lots of entertainment.','',40,594,'405-245-1645','info@NightLightDesires.com','http://www.nightlightdesires.com/',NULL,NULL,2,'2009-09-25',0),(1028,'Club Secrets TULSA','Secrets Parties are held in big hotel ballroom and are BYOL. The hotel gives us a great rate starting $49.95 . The hotel has an great indoor pool/hot-tub for our use after the party. Our parties average between 140 to 250 people.','',40,595,'','Clubsecretstulsa@yahoo.com','http://groups.yahoo.com/group/Club_Secrets/',NULL,NULL,3,'2009-06-05',0),(1029,'Bibabes and Swingers (BBS)','ACTIVE bisexual ladies AND swinging couples.','',40,595,'','ms_kitty_on_you@yahoo.com','http://groups.yahoo.com/group/bibabes_swingers/',NULL,NULL,1,'2009-06-02',0),(1030,'Frisky Business NW','Meet & Greet. Great food, a full bar, and Happy Hour 9pm to 11pm with a tasty selection of hors d\'ouerves.','',41,602,'','friskybusinessnw@yahoo.com','http://www.friskybusinessnw.com/',NULL,NULL,2,'2009-06-20',0),(1031,'Passions & Desires','Off-premises parties for local swingers.','',41,510,'541-818-0341','daveandval_daveandval@yahoo.com','http://groups.yahoo.com/group/Passion97386/',NULL,NULL,2,'2009-06-25',0),(1033,'Pleasure Garden Club','MONTHLY WICKED Wednesday\'s for the Alt/Fetish/BDSM Crowd. Friday Night We Cater To Sexy Couples & Singles -\r\nCasual Dress Code, Couples & Ladies NO RSVP\'s Needed. Saturday Night Is Sexy Couples & Ladies Only! - \r\nUpscale Sexy Club Dress, RSVP SUGGESTED. Playrooms.','6039 Passyunk Ave',42,615,'(215) 724-6090','','http://www.thepleasuregardenclub.com/','39.919397','-75.204790',4,'2009-06-24',0),(1034,'HedoFarm Resort','Sexually Charged Atmosphere these Famous Meet & Greets create. Couples $45, Single female $25, Single Male $50.','York',42,NULL,'(717) 225-5082','farm4fun@thefarmtravelclub.com','http://www.thefarmtravelclub.com/',NULL,NULL,5,'2009-08-22',0),(1035,'Mountain Retreat','All-in-one  adventure for Swinger\'s who enjoy a laid-back experience in a no-pressure atmosphere. $75-150.','Brier Hill',42,NULL,'724-246-8012','mntn_retreat@yahoo.com','http://www.themountainretreat.net/',NULL,NULL,1,'2009-06-06',0),(1036,'Reading Area Friends Meet & Greets','The cost for this event will be $10.00 per couple. Single men are also $10.00. A night of drinking, dancing & laughing.','The Silo Nightclub 2017 Bernville Rd Reading',42,617,'','reading_area_friends@yahoo.com','http://www.readingareafriends.org/',NULL,NULL,4,'2009-08-13',0),(1037,'Adult Travel Club',' \"Adult orientated\" parties for couples and singles.','Johnstown',42,NULL,'','theadulttravelclub@yahoo.com','http://www.geocities.com/theadulttravelclub/adulttravelclubindex',NULL,NULL,2,'2009-09-26',0),(1038,'Sinful Encounters','Huge dance floor , two exotic dance poles, lifestyle DJ,  beautiful barmaids and shot girls serving drink specials all night long, hot appetizers and special prizes throughout the night.','',42,612,'','divad@sinfulencounters.com','http://sinfulencounters.com/',NULL,NULL,1,'2009-07-10',0),(1039,'TWO WHEELED LIFESTYLE','Parties in different venues for local swingers.','Woodlyn',42,NULL,'','www.bighorn017@yahoo.com','http://www.twowheeledlifestyle.net/',NULL,NULL,2,'2009-06-19',0),(1040,'Susqhehanna Valley Meet & Greets','20/Couples $20/Single Males $10/Single Females with rooms rentals available.','South Williamsport',42,NULL,'','Rkcouplepa69@aol.com','http://svmg1.isgreat.org/',NULL,NULL,3,'2009-07-26',0),(1041,'Pocono Paradise Club','On Premise\" social club. Most elegant and intimate, 8300 sq. ft. Party Facility in the beautiful mountains.','Windgap',42,NULL,'570.629.0804','jim@theparadiseclub.net','http://www.theparadiseclub.net/',NULL,NULL,2,'2009-08-18',0),(1042,'HazletonMnG','Hazleton meet and greets. We always have a fun and safe environment for lifestyle people to meet, hang out, dance or whatever you want to do.','Hazleton',42,NULL,'','Hazleton_MnG@yahoogroups.com','http://mysite.verizon.net/vze100s3p/',NULL,NULL,1,'2009-07-01',0),(1043,'Lehigh Valley Meet and Greet','Dancing, flirting and chatting first TUESDAY of the month.','',42,606,'610.559.1497','lvmeetandgreet@yahoo.com','http://www.geocities.com/lvmeetandgreet/',NULL,NULL,3,'2009-06-08',0),(1044,'hornyshousepartys','mechanical bull, PORNO DVD SWAP, and the folks from BLISS ave. will be in the house with lots of sexy surprizes!','',42,615,'','bozo@hornyshousepartys.com','http://hornyshousepartys.com/',NULL,NULL,1,'2009-07-21',0),(1045,'WBMG Wilkes-Barre Meet & Greet','A monthly or bi-monthly meet and greet will be held in the Wilkes-Barre, PA area, along with fun adult trips.','Wilkes-Barre',42,NULL,'','srbm1119@yahoo.com','http://wbmg.homestead.com/',NULL,NULL,1,'2009-07-27',0),(1046,'Club Silhouettes','Entertainment, fun, relaxation, socialization, and dancing.  While you may see flirting, teasing, seduction, and erotic dancing going on.','Palmerton',42,NULL,'610 852-3333','ClubSilhouettes@AOL.com','http://www.clubsilhouettes.com/',NULL,NULL,2,'2009-07-26',0),(1047,'OutDoor Swingers','ur events are open to all swingers with 4x4 capable vehicles from stock to highly modified. We traverse some of the prettiest and diverse terrain in the foothills of pennsylvania.','Coatesville',42,NULL,'','orsjamboree@offroadswingers.com','http://www.offroadswingers.com/',NULL,NULL,2,'2009-09-23',0),(1048,'Sexy Seductive Swingers','Meet & Greets the fourth Saturday of every month.','Limerick',42,NULL,'','tannma1228@comcast.net','http://www.freewebs.com/sexyseductiveswingers/',NULL,NULL,1,'2009-07-23',0),(1049,'Fun Couples with Corvettes','For couples who own corvettes and want to share the corvette lifestyle with others in the swinging lifestyle.','York',42,NULL,'7177540038','FunPaCple@aol.com','',NULL,NULL,1,'2009-07-07',0),(1050,'Clarion Pennsylvania Swingers','Parties for local swingers and nudists.','Clarion',42,NULL,'','Jonny_Kitty@yahoo.com','http://groups.yahoo.com/group/ClarionPennsylvaniaSwingers/',NULL,NULL,3,'2009-06-09',0),(1051,'BLING','Couples and single ladies to get together at upscale hotels.','Newtown',42,NULL,'','blingjodi@yahoo.com','http://groups.yahoo.com/group/BLING2009/',NULL,NULL,4,'2009-09-08',0),(1052,'RealPlayersandPlayettes','Open minded adult and sexy couples, mostly to African American\'s and Lationes. ','',42,615,'484-919-1373','brazilienhotness@yahoo.com','http://groups.yahoo.com/group/RealPlayersandPlayettes/',NULL,NULL,4,'2009-09-08',0),(1053,'Lehigh Valley Swingers Club','A group of novices and experienced alike for the purpose of creating a circle of like-minded friends for meeting , exchanging stories, ideas, experiences and becoming better aquainted with others in our area.','Berks, Lehigh',42,NULL,'','BKSDLG@TMAIL.COM','http://groups.yahoo.com/group/lehigh_valley_swingers_club/',NULL,NULL,4,'2009-07-14',0),(1054,'Valley Lifestyle Club','A private area exclusively for swing events. Basic events is 30.00 per couple, 20.00 for singles. ','',42,606,'484-239-5907','thenewvalleylifestyleclub@yahoogroups.com','',NULL,NULL,2,'2009-08-14',0),(1055,'Chelsea Rose Hotel Parties/Meet & Greets','All sizes, colors and ages (well you have to be legal) are welcome; men and ladies, couples and singles.','King of Prussia',42,NULL,'','chelsearose806@yahoo.com','http://groups.yahoo.com/group/ChelseaRose/',NULL,NULL,4,'2009-09-13',0),(1056,'Velvet Rope Parties','Sexy Parties in various locations.','',42,615,'','velvetropeparties@yahoo.com','http://groups.yahoo.com/group/velvetropeparties/',NULL,NULL,2,'2009-08-01',0),(1057,'The Swinger Cruise','A lifestyle cruise with hundreds of sexy couples and the open sea.','',42,615,'','info@theswingercruise.com','http://groups.yahoo.com/group/TheSwingerCruise/',NULL,NULL,2,'2009-07-30',0),(1058,'Rumors','Dance, play billiards and just have fun. Meet Greets once or twice a month. ','Pottsville',42,NULL,'','tojacpl@hotmail.com','http://groups.yahoo.com/group/rumorsmg/',NULL,NULL,5,'2009-06-24',0),(1059,'Sensual Secrets of PA','Club is currently located in a hotel lounge which is closed to the public for swingers events. Off premise.','Weatherly',42,NULL,'','info@clubsensualsecrets.com','http://www.clubsensualsecrets.com/',NULL,NULL,4,'2009-08-13',0),(1060,'Pennsylvania SLS House Party','House parties for lifestylers.','Latrobe',42,NULL,'724-633-0054','ravenangel7566@comcast.net','http://groups.yahoo.com/group/pahouseparty/',NULL,NULL,5,'2009-06-11',0),(1061,'Valley MiXx Nightclub','Every 3rd tuesday of the month starting at 7pm til. Beer and drink specials and a DJ spinning your favorite dance hits! ','',42,606,'','ValleyMix@yahoogroups.com','http://groups.yahoo.com/group/ValleyMiX/',NULL,NULL,2,'2009-07-23',0),(1062,'Harrisburg Area Gangbangs','A group for hot wives/females craving the pleasure of being used by several hung men at once. We have regular hotel parties with 3 or 4 females and 12 or so black and white studs. Men are straight, fit, attractive, hung and can perform with others watching. femlales must be attractive, h/w/p, know how to be a slut and take all cock.','Harrisburg',42,NULL,'717-648-0675','reross@paonline.com','http://groups.yahoo.com/group/HarrisburgAreaGangbangs/',NULL,NULL,1,'2009-06-12',0),(1063,'Swingers In The Sticks of WPA','Non pushy, respectful, non-judgemental group of people who just want to have fun.','Clarion',42,NULL,'','someone2playwith2007@yahoo.com','http://groups.yahoo.com/group/Swingers_In_The_Sticks_of_WPA/',NULL,NULL,5,'2009-09-28',0),(1064,'SW PA Swingers Supper Club','Off-premise parties.','Pittsburgh',42,123,'412.245.1661','swpaswingerssupperclub-owner@yahoogroups.com','http://groups.yahoo.com/group/swpaswingerssupperclub/',NULL,NULL,2,'2009-07-29',0),(1065,'SJ PA SEXY SWINGERS','Group of local swingers.','',42,615,'','SJ_PA_SEXY_SWINGERS@yahoo.com','http://groups.yahoo.com/group/SJ_Pa_Sexy_Swingers/',NULL,NULL,1,'2009-06-04',0),(1066,'NW PA Sexy Real Swingers','Lifestyle parties.','',42,610,'814-403-4714','NWPASRS-owner@yahoogroups.com','http://groups.yahoo.com/group/NWPASRS/',NULL,NULL,2,'2009-08-23',0),(1067,'Bucks Swingers','Regular meet and greets on the 2nd Monday of every month.','Washington Crossing',42,NULL,'','Bucks_Swingers-owner@yahoogroups.com','http://groups.yahoo.com/group/Bucks_Swingers/',NULL,NULL,1,'2009-06-01',0),(1068,'Sixth St. Couples Lounge','Caters to couples and single females.','',42,615,'','sixxthstcpl_69@yahoo.com','http://groups.yahoo.com/group/sixthstcouplelounge/',NULL,NULL,1,'2009-08-06',0),(1069,'The Girls Meet and Greet','Get together for last minute or planned meet and greets. ','Lehigh Valley',42,NULL,'','isoa_fantasy@yahoo.com','http://groups.yahoo.com/group/SLS_TheGirls/',NULL,NULL,2,'2009-09-01',0),(1070,'Super Sexy Sunday Swingers','Sexiest local swingers.','Lehigh Valley',42,NULL,'','grussoli@yahoo.com','http://groups.yahoo.com/group/SuperSexySundaySwingers/',NULL,NULL,1,'2009-08-28',0),(1071,'Western PA Swingers of Westmorland County','Where swingers around the Westmorland and surrounding counties in western Pennsylvania, can get together and socialize and see where things lead. ','',42,588,'724-424-6732','laprovince75@aol.com','http://groups.yahoo.com/group/wpaswingersofwestmorlandcounty/',NULL,NULL,5,'2009-07-14',0),(1072,'ClubSexyCool','Sexy parties and contests.','Harrisburg',42,NULL,'717-606-8080','sexycoolwear@yahoo.com','http://groups.yahoo.com/group/SexyCoolWear/',NULL,NULL,1,'2009-08-24',0),(1073,'Full Swap Parties','The males of the couples must be straight. No Bi-males or gay males period. No discipline, Sadomaschism, or waterports allowed. The group will host full swap parties at local hotels with two bedroom suites.','',42,615,'','Gcouple69@yahoo.com','http://groups.yahoo.com/group/FullSwapperParties/',NULL,NULL,5,'2009-07-26',0),(1074,'The Southwest Pa Zone','all ages sizes and shapes. meet and maybe for dinner or a drink to get to know people as a person instead of just the outside.','Johnstown',42,NULL,'','Brenda33yrs@aol.com','http://groups.yahoo.com/group/southwest_pa_zone/',NULL,NULL,5,'2009-06-12',0),(1075,'Western PA Swingers','The nearset swing club to us is 2-1/2 hours away. We want to assemble a group and make new friends in hopes of arranginging fun times more near to us!','Meyersdale',42,NULL,'','westernpaswingers@yahoo.com','http://groups.yahoo.com/group/westernPAswingers/',NULL,NULL,5,'2009-09-10',0),(1076,'SunnyResters','Group of Young (UNDER 40), Attractive couples and single females in the Philly area looking to meet other couples/females for friendships, and Fun in the Sun!','',42,615,'','Newcplinphilly@yahoo.com','http://groups.yahoo.com/group/sunnyresters/',NULL,NULL,2,'2009-07-02',0),(1077,'Allentown-Lehigh Area Bondage Club','Regular meets, get-togethers, munches with potential R/T play.','',42,606,'','Allentown_LehighAltLifestyleClub@yahoogroups.com','http://groups.yahoo.com/group/Allentown_LehighAltLifestyleClub/',NULL,NULL,4,'2009-07-17',0),(1078,'NePAplaymates','A group is a place for like minded couples and select singles to have a forum to meet new people who enjoy the same lifestyle we live. ','Scranton Area',42,618,'','lilmizthang0069@yahoo.com','http://groups.yahoo.com/group/nepaplaymates/',NULL,NULL,3,'2009-08-08',0),(1079,'Swingers International','For all couples and Single females in the swinging lifestyle,Its to meet other sexy couples and single females','Feasterville',42,NULL,'267-230-0518','campy121@verizon.net','http://groups.yahoo.com/group/campy121/',NULL,NULL,5,'2009-09-09',0),(1080,'Wilkesbarre Daytime Play','Group of people why want to get together for daytime play.','Wilkesbarre',42,NULL,'','wilkesbarredaytimeplay@yahoo.com','http://groups.yahoo.com/group/wilkesbarredaytimeplay/',NULL,NULL,1,'2009-06-24',0),(1081,'swingersrus','Meet People in the Swinging Lifestyle for Offline Play.','',42,617,'','boxersandbra@yahoo.com','http://groups.yahoo.com/group/swingersrus/',NULL,NULL,5,'2009-06-15',0),(1082,'Chesco Delco Playmates','Monthly meet and greet parties, for our members to socialize and make new friends and playmates. Parties are held at upscale comfortable venues which provide an atmosphere to meet, mingle, dance and play.','West Chester',42,NULL,'','CplinChesco@aol.com','http://groups.yahoo.com/group/ChescoDelcoplaymates/',NULL,NULL,5,'2009-07-01',0),(1083,'Philly Fun Zone','A place where fun people can have some quality fun with quality people.','Fort Washington',42,NULL,'267-625-5393','irishlassnlad@yahoo.com','http://groups.yahoo.com/group/philly_fun_zone/',NULL,NULL,3,'2009-09-16',0),(1084,'Tri-StatePartyGroup','Some of the best looking couples in this lifestyle attend the parties.','Palmerton',42,NULL,'','comfortablynumb323@msn.com','http://groups.yahoo.com/group/Tri-statepartygroup/',NULL,NULL,4,'2009-08-07',0),(1085,'The Over 21 Playground Group','Group of people who meet at highly laid back, fun, low key locations with lots of atmosphere to spare.','Pittsburgh',42,123,'','The_Over_21_Playgorund_Group@yahoo.com','http://groups.yahoo.com/group/The_Over_21_Playground_Group/',NULL,NULL,1,'2009-09-17',0),(1086,'Black Kings for White Queens of Pgh','For mature women(Asian, White, Latina..etc) in and around the Steel City who want to chat, meet and have real sexual and romantic encounters with BLACK men. ','Pittsburgh',42,123,'','zuluking@yahoo.com','http://groups.yahoo.com/group/BlackKingsforwhiteQueenspgh/',NULL,NULL,3,'2009-07-22',0),(1087,'Devilish Desires','There are NO EXPECTATIONS at the meet and greet.  We keep it PRIVATE for the comfort and discretion of our guests.  We are a low pressure - No means No - off premise party. ','',44,623,'401-699-5024','mikeandlinda@devilishdesire.com','http://devilishdesire.com/',NULL,NULL,2,'2009-07-21',0),(1088,'Choice-Nightclub','ew England\'s premier private adult lifestyle club. Our 4,500 square foot facility is unrivaled in the Northeast and is arranged to cater to the needs of adventurous adults. We offer a variety of themed and special interest events for the enjoyment of our membership community.','',44,622,'(401) 274-3700','','',NULL,NULL,4,'2009-09-05',0),(1089,'Huggables Hideout','Parties always offer on-premise play without you needing to get a hotel room.','',44,622,'','HuggableGambler@msn.com','http://huggableshideout.com/',NULL,NULL,2,'2009-09-06',0),(1090,'Low Country Desires',' Lifestyles Social Group for couples & very select singles.  We provide a open-minded atmosphere for consenting adults.','Summerville',45,NULL,'','tangowus2@aol.com','http://www.lowcountrydesires.com/',NULL,NULL,5,'2009-06-26',0),(1091,'Tropics Lounge','Open Monday through Saturday, we are the place to meet others in a non-pressure, laid back and friendly environment. ','200 International Dr',45,767,'(864) 576-5220 x199','','http://tropicslounge.com/','34.969528','-82.002752',1,'2009-09-28',0),(1092,'MBDreamLovers','Private Couples Club (BYOB)','Murrells Inlet',45,NULL,'910-262-1169','Elva@mbdreamlovers.com','http://www.mbdreamlovers.com/',NULL,NULL,5,'2009-09-27',0),(1093,'CFriends Couples Club','BYOB $60.00 per couple ($10.00 Locals Discount), $10.00 Single Ladies.  Dance the night away to our DJ\'s Hottest tunes on our dance floor with some of the Sexiest Couples Around!','Myrtle Beach',45,NULL,'','cfriendsmb@aol.com','http://www.cfriendsmyrtlebeach.com/',NULL,NULL,2,'2009-07-10',0),(1094,'PLAYTIME PARTIES','We currently have hotel parties and \"couples Night\", which is always located at Homer\'s Private Pub.','Lexington',45,NULL,'803-755-0011','','http://www.playtimeparties.net/',NULL,NULL,2,'2009-06-15',0),(1095,'Foxy\'s','Foxys parties are held at our host motel conviently located on the interstate between Columbia and Spartanburg. Rooms are  $49.95.  Pay for the party at the door. Couples pay $35.00, with a $5.00 membership fee.','',45,398,'','danny@foxys.org','http://www.foxys.org/',NULL,NULL,3,'2009-09-27',0),(1096,'Southern Socials','Socials at various hotel ballrooms with around 60-80 exciting and very friendly couples.','Myrtle Beach',45,NULL,'843-797-7469','SouthernSocials@aol.com','',NULL,NULL,5,'2009-06-06',0),(1097,'SouthernIRSwingers','For grown adults, in the south, that are interested in interracial pleasures. ','Aiken',45,NULL,'','misternunu@yahoo.com','http://groups.yahoo.com/group/SouthernIRSwinger/',NULL,NULL,2,'2009-08-09',0),(1098,'THEDYNASTYSC','ARTYS, FREAKFESTS, ORGYS, AND EVERYTHING ELES YOU CAN THINK OF.','',45,625,'','SCBATCAVE@YAHOO.COM','http://groups.yahoo.com/group/THEDYNASTYSC',NULL,NULL,5,'2009-08-05',0),(1099,'The Continental Club','Upscale, classy venues where friends create a safe, no-pressure setting for exploring sexual fantasies. Our parties are open. ','Morristown',47,NULL,'','thecontinentalclub@yahoo.com','http://home.comcast.net/~thecontinentalclub/site/',NULL,NULL,1,'2009-07-22',0),(1100,'Hidden RonDaVoo\'s','The perfect playground for your private adult activities...','Sparta',47,NULL,'931-265-8380','hiddenrondavoos@yahoo.com','',NULL,NULL,4,'2009-07-11',0),(1101,'The PlayRoom','Big social events for couples.','',47,633,'423-426-7540','phaeton_dray@yahoo.com','http://drayanderic.angelfire.com/index.html',NULL,NULL,1,'2009-09-02',0),(1102,'Genesis Club','Private club for distinctive open-minded couples and singles, 21 years of age and older. Your club is the perfect no pressure club for those who are curious about meeting, chatting, flirting and dancing with other sexually open-minded people.','',47,635,'901-647-9199','','http://genesisclubmemphis.com/',NULL,NULL,2,'2009-09-26',0),(1103,'Club SinZ',' If you are tired of paying those inflated Club prices or having to travel long distances (Knoxville, Memphis, Atlanta), then Club SinZ has the experience to treat you like you deserve!','',47,636,'','clubsinz@gmail.com','http://club-sinz.com/',NULL,NULL,2,'2009-06-04',0),(1104,'TheSocialClubEast','$10 one day membership to check out what all the talk is about for Couples, Single Men and Single Women.','700 Division Street Nashville',47,NULL,'615 244-2438','thesocialclubeast@yahoo.com','http://thesocialclub.com/',NULL,NULL,1,'2009-09-04',0),(1105,'Memphis Pleasure','Memphis pleasure is for the professional, mature, educated, entertaining, healthy, and respectful. ','',47,635,'(901) 331-9117','sweetandspon@yahoo.com','http://groups.yahoo.com/group/Memphispleasure/',NULL,NULL,3,'2009-08-01',0),(1106,'Fantasy Meet & Greet','All parties are BYOB but we will have mixers and Finger Foods. Door Donations: Couples $ 30.00 Single Men $ 40.00 Single Women FREE','',47,630,'423-899-3311 7641','FantasyMeetandGreet@yahoogroups.com','http://groups.yahoo.com/group/FantasyMeetandGreet/',NULL,NULL,1,'2009-08-05',0),(1107,'Road Riders','TSC has a large dance floor for lots of dancing and plenty of room upstairs for more fun if your so inclined.','',47,636,'615 244-2438','roadriders4friends@yahoo.com','http://groups.yahoo.com/group/RoadRiders4Friends/',NULL,NULL,2,'2009-07-07',0),(1108,'Brandie\'s Adult Parties','BYOB, we don\'t charge for the parties but all donations are excepted, on-premises.','',47,631,'','blondetennchik4u@aol.com','http://groups.yahoo.com/group/Brandiesadultpartiesinclarksvilletn/',NULL,NULL,4,'2009-06-25',0),(1109,'TSC-Memphis, Tri-State Swingers','Door fees Friday nights are Couples $10 and for Single Males $50. On Saturday night the Door Fee For Couples $30 and $50 for Single Males. ','',47,635,'615 244-2438','tscmemphis@yahoo.com','http://groups.yahoo.com/group/tscmemphis/',NULL,NULL,2,'2009-06-02',0),(1110,'Gang Bang Swingers','Gangbang events.','Nashville',47,NULL,'','gbswinging@yahoo.com','http://groups.yahoo.com/group/gbswinging/',NULL,NULL,4,'2009-06-02',0),(1112,'East Tennessee Social Club','Monthly MEET & GREETS are open to lifestyle COUPLES ONLY! B.Y.O.B. Mixers, Ice, Cups and Light Snacks are provided. NO COVER CHARGE.','Kingsport',47,NULL,'','argonaut553@yahoo.com','http://groups.yahoo.com/group/EAST_TENN_SOCIAL_CLUB/',NULL,NULL,2,'2009-06-21',0),(1113,'Weekend Get-A-Ways','Weekend Get-A-Way, the Party Starts Saturday at our Hotel.','Nashville',47,NULL,'','memphis@thesocialclub.com','http://groups.yahoo.com/group/sexualgetaways/',NULL,NULL,3,'2009-09-06',0),(1114,'The Chattanooga Social Group','Social gatherings for local and out of town members to have a chance to meet and mingle in a semi-public but private surrounding. ','',47,630,'423-413-2247','chattanooga_social@yahoo.com','http://groups.yahoo.com/group/chattanooga_social/',NULL,NULL,4,'2009-07-18',0),(1115,'The Playhouse',' We like to have fun and host parties and meet and greets, and hopefully as time goes on and our membership grows we will be able to do more events.','Madisonville',47,NULL,'','theplayhouse96@yahoo.com','http://groups.yahoo.com/group/theplayhouse/',NULL,NULL,5,'2009-09-04',0),(1116,'Southern Swingers Group','You never know where you may find life-long friends or that HOT encounter you\'ve been waiting for.','',47,625,'','partytimecpl@yahoo.com','http://groups.yahoo.com/group/southernswingersgroup/',NULL,NULL,3,'2009-07-20',0),(1117,'Middle Tennessee Socials','Our parties usually have a theme (luau, patriotic, Halloween, etc), we encourge everyone to participate to enhance the fun, but it is not required. ','',47,636,'615-525-8995','the_welikes@bellsouth.net','http://groups.yahoo.com/group/middletennesseesocials/',NULL,NULL,1,'2009-07-17',0),(1118,'Southern Swingers Crib','A great place to meet swinging couples, swinging singles and more.','West Tennessee',47,NULL,'','southern_swingers_crib@yahoo.com','http://groups.yahoo.com/group/southern_swingers_crib/',NULL,NULL,2,'2009-09-16',0),(1119,'Clarksvegas cpl Party Group','Gangbangs for local couples and females.','',47,631,'931-809-8232','clarksvegaspartygroup@yahoo.com','http://groups.yahoo.com/group/Clarksvegaspartygroup/',NULL,NULL,5,'2009-09-11',0),(1120,'Deuces Wild','A private party for swingers and singles to meet and greet. The party is from 8pm until 2am on Fridays and Saturdays. If you enjoy a party-atmosphere with great music,dancing,laughing,and getting to know one another.','Powell',47,NULL,'865 679-7376','deuceswildclub@yahoo.com','http://groups.yahoo.com/group/deuceswildsocialclub/',NULL,NULL,4,'2009-06-25',0),(1121,'Knoxville TN Swingers Club','On premise parties for locals.','',47,634,'865 898 9186','tnknoxcpl@chartertn.net','http://groups.yahoo.com/group/KnoxvilleTnSwingersClub/',NULL,NULL,2,'2009-09-21',0),(1122,'TN Players Club','Fun and exciting swingers club for couples and singles!','Morristown',47,NULL,'','TNPlayersClub@yahoo.com','http://groups.yahoo.com/group/tnplayersclub/',NULL,NULL,2,'2009-08-09',0),(1123,'Universal Eden House','Frisky wesite for swingers and not only.','',49,690,'','eden_house@comcast.net','http://www.universaledenhouse.org/',NULL,NULL,2,'2009-06-09',0),(1124,'North Country Swingers','For adults interested in the swinging lifestyle.It is open to all SWINGING COUPLES and Bi FEMALES.','Bridport',50,NULL,'','north_country_swingers-owner@yahoogroups.com','',NULL,NULL,3,'2009-07-09',0),(1125,'Capital Cream','On-Premise lifestyle event for Couples and Single Women Only.','',51,604,'','endiceman@yahoo.com','http://www.capitalcream.com/',NULL,NULL,1,'2009-08-25',0),(1126,'Virginia\'s Secret','Private, Membership-Only Social Club catering to mature, open-minded adults. Membership is available to couples & single females ONLY. off-premise club.','',51,704,'','membership@vasecret.com','http://www.vasecret.com/',NULL,NULL,2,'2009-08-23',0),(1127,'Herndon/Reston Meet N Greet','Meets last Wednesday night of the month starting at 8pm. Everyone in the lifestyle is welcome, couples and singles(male/ female). ','Herndon',51,NULL,'','TabuCowboy@gmail.com','http://groups.yahoo.com/group/Carpools_swingers/',NULL,NULL,5,'2009-09-30',0),(1128,'7 Cities Socialytes','Our parties offer a no pressure, discreet, upscale environment for couples and singles in a relaxed, safe atmosphere.','',51,710,'','partyinfo@7citiessocialytes.com','http://www.7citiessocialytes.com/',NULL,NULL,5,'2009-07-22',0),(1129,'The_Weekender','The Weekender is a private alternate lifestyle social club. Parties are held at an undisclosed private location. ','',51,603,'','the_weekender69@yahoo.com','http://the-weekender.home.comcast.net/~the-weekender/',NULL,NULL,5,'2009-08-24',0),(1130,'Play Couples NOVA','Group for married or attached oversexed full swap straight white couples cuming together!','',51,695,'703 577 2233','PCNOVA@here.is','http://groups.yahoo.com/group/PCNOVA/',NULL,NULL,3,'2009-07-11',0),(1131,'The DMV Social Club','A social club for individuals interested in the adult lifestyle and adult entertainment. ','',51,695,'240-424-6808','thedmvsocialclub@ymail.com','http://groups.yahoo.com/group/TheDMVSocialClub/',NULL,NULL,5,'2009-07-28',0),(1132,'Yakadoo\'s M&G','Monthly meet and greet located in a private ball room inside the Holiday Inn in Fredericksburg Virginia. A donation of $10 will be collected to pay for DJ, tip bartender and doorman. ',' 564 Warrenton Road, Fredericksburg',51,361,'','yakadoos@yahoo.com','http://groups.yahoo.com/group/Yakadoos_MandG/',NULL,NULL,4,'2009-09-10',0),(1133,'HR_GandBang_Girl','Hampton Roads Hottest GangBang Queen. New group for us horny women who love to post ourselves having fun with a nice group of hard cocks! ','',51,703,'','freakyhptcpl@yahoo.com','http://groups.yahoo.com/group/HR_GangBang_Girl/',NULL,NULL,4,'2009-06-26',0),(1134,'Roanoke Friends','ADULTS in the Roanoke area who would like to meet other like-minded, lifestyle people.','',51,708,'','roanokefriends@yahoo.com','http://groups.yahoo.com/group/roanokefriendshome/',NULL,NULL,4,'2009-08-30',0),(1135,'Player Club','A house party for 15 to 20 couples and 5 singles ladies and 5 singles men for this party. Buffet Dinner at 8pm. Snacks set out all night long as well as the dinner. It can be a BYOB or the bar with a donation of $10 each for all you can put down.\r\nThe place for East Virginia swingers! The group hosts house parties for limited number of couples and single males. Lots of food, so you might need to bring only your own booze. Let the hosts know if you want to stay over night. You need to send an email to get an invitation.','Player Club',51,NULL,'804-754-5029','life_style_couple@yahoo.com','http://groups.yahoo.com/group/vaeastcoastcouplesplayerclub/',NULL,NULL,1,'2009-09-06',0),(1136,'NOVAsexparties','For local men and women who enjoy havingsex and groupsex, and enjoy being naked in front of strangers. You can come to play, to swap, to watch or be watched, we only ask that if you are in \"play areas\" that you be naked or some state of undress. ','Dulles/Loudoun/Chantilly',51,NULL,'','swingcouple069@yahoo.com','http://groups.yahoo.com/group/NOVAsexparties/',NULL,NULL,4,'2009-06-21',0),(1137,'Lakeside_Swingers','A meet and greet once a month. Our aim is to have fun and be a completely non-judgmental.','',51,115,'540-736-7720','nateliz03@yahoo.com','http://groups.yahoo.com/group/Lakeside_Swingers/',NULL,NULL,2,'2009-09-25',0),(1138,'Mocha Swingers','For couples and single females whom are into swinging with blackmen/women.','Anacostia',53,NULL,'','teammocha@gmail.com','http://groups.yahoo.com/group/MochaSwingers/',NULL,NULL,4,'2009-06-02',0),(1139,'Original Circles','An intimate dance club for open-minded, sex positive adults.','',53,717,'206-919-1563','president@original-circles.com','http://www.original-circles.com/',NULL,NULL,4,'2009-06-09',0),(1140,'Moose Events','Social & Intimate Dance Club for Lifestyle Friendly Adults with Open Attitudes and Relationships.','',53,719,'','b@mooseevents.org','http://www.mooseevents.org/',NULL,NULL,3,'2009-06-01',0),(1141,'Big Daddy\'s House Party','The large theme play rooms come fully stocked with condoms, lubricants and towels for your convenience. Dance on our dance floor. Relax in the Hot Tub. Alcohol is permitted on site, but our parties are BYOB/L with us providing only the mixers.','Pasco West',53,NULL,'','bigdaddyshouseparty@gmail.com','http://www.bigdaddyshouseparty.com/',NULL,NULL,4,'2009-09-28',0),(1142,'The Sharma Center','Sex-Postive Community Center movement dedicated to building communities to support those interested or involved in alternative sexual relationships.','',53,720,'206-898-5876','shannon@sharmacenter.org','http://www.sharmacenter.org/welcome.html',NULL,NULL,3,'2009-09-14',0),(1143,'HardwoodCabin/Cabin Fever','ADULT SOCIAL CLUB PROMOTING SWINGING AS AN ACTIVITY FOR ADULT FUN AND ENJOYMENT.','',53,717,'206 4971947','cabinfeverclub@yahoo.com','http://groups.yahoo.com/group/CABINFEVERCLUB/',NULL,NULL,3,'2009-07-07',0),(1144,'Play Dates In Tacoma','A diverse, growing, licensed, non profit, private organization for social adults who enjoy a liberated lifestyle.','',53,723,'','PlayDates4Adults@aol.com','http://groups.yahoo.com/group/PlayDatesInTacoma/',NULL,NULL,4,'2009-09-30',0),(1145,'Bellingham Area Adult Dance Club','Off premise Adult Dance Club.','',53,713,'360-543-9015','welookdoyou@yahoo.com','http://groups.yahoo.com/group/bellinghamareaadultdanceclub/',NULL,NULL,1,'2009-07-30',0),(1146,'Passionate Swingers and Bedmates',' Circle of our personal friends and those we have an interest in getting to know as both friends and potential playmates. ','Port Orchard',53,NULL,'','welookdoyou@yahoo.com','http://groups.yahoo.com/group/Passionate_Swingers_and_Bedmates/',NULL,NULL,2,'2009-08-18',0),(1147,'NW_Swinging_Bikers','We are swingers and motorcycle enthusiasts from the North-West particularly the Puget Sound.','',53,723,'','NW_Swinging_Bikers-owner@yahoogroups.com','',NULL,NULL,5,'2009-09-18',0),(1148,'NWOMA','Club Events, Meet & Greet, Parties of all kinds.','',53,717,'','Softbabydoll69@yahoo.com','http://groups.yahoo.com/group/NWOMA/',NULL,NULL,1,'2009-06-21',0),(1149,'Divine Swingers','Divines Now Has a Fully Functional Private Video Room. We have installed a DVD/VHS Recorder in our group room. an upscale on premise swingers club.','Morgantown',54,NULL,'304-288-9585','Divinewv@aol.com','http://www.divineswingerswv.com/',NULL,NULL,5,'2009-06-08',0),(1150,'Club Wet Spot','Lounge Area, * Dance Floor, * Group Rooms, * Fantasy Suites, * Private Rooms, * Mixers & food provided','Wisconsin Dells',55,NULL,'1-888-526-7302','clubwetspot@excite.com','http://www.clubwetspot.com/home.html',NULL,NULL,2,'2009-06-12',0),(1151,'TastyPartys','A larger funky location, This is a PRE PAY ONLY party. Couples: $ 42 Single Girls: FREE Single Guys: $55 (Limited number)','',55,735,'','info@spinndoctors.net','http://www.tastyparty.com/',NULL,NULL,4,'2009-07-11',0),(1152,'Riverside couples','Monthly parties in a few different clubs.','Prairie du sac',55,NULL,'','swapinginwi@aol.com','http://groups.yahoo.com/group/riversidecouples/',NULL,NULL,1,'2009-07-25',0),(1153,'SE WISCONSIN LIFESTYLERS','Many events are strictly opportunities to meet others on a social level with play-time on your time. ','Waukesha County',55,739,'','couple53118@yahoo.com','http://groups.yahoo.com/group/se_wisconsin_lifestylers/',NULL,NULL,2,'2009-09-17',0),(1154,'Young Swingin Midwest','We encourage anyone to post an event or host a party.','',55,735,'','turbowrenchhead@yahoo.com','http://groups.yahoo.com/group/youngswinginmidwest/',NULL,NULL,1,'2009-06-08',0),(1158,'Couples Oasis','Club description:Couples Oasis is a premier Chicago area on-premises\r\ncouples swingers club. It is a 5000sq. ft., secluded clubhouse with a spa,\r\ntwo hot tubs, a large dance floor in the lounge area with a pole, light\r\nshow and a live DJ every Saturday night from 8:00 pm until 3:00 am.\r\nSpecial event parties are held on Friday nights, check our calendar of\r\nevents on our website for upcoming parties. A full buffet, snacks,\r\ndesserts, bottled water and soft drinks are available throughout the\r\nnight. It is BYOB. There are numerous party rooms, some private and some\r\nopen throughout the house, and an orgy party room for?.well, you know. The\r\nclubhouse is clean and stylish, with a sensual party atmosphere and a\r\ngreat room with cozy furnishings to set the mood for getting acquainted\r\nwith other like-minded couples and single ladies. Parties generally have a\r\ntheme and/or a contest. Our members are very attractive, sexy couples and\r\nsingle women. To RSVP, email Den & Alice at: encounters@oasis4couples.com\r\nWe would love to hear from you.','',17,294,'219 765 6621','encounters@oasis4couples.com','http://www.couplesoasis4u.com/',NULL,NULL,1,'2009-06-04',0),(1159,'Little Wings Social Club','A new upscale swingers club with onsite action permitted.','2241 Faulkner Rd NE',13,275,'(404) 327-5268','','http://www.littlewingsofatlanta.com/','33.812954','-84.359076',4,'2009-07-16',0),(1160,'Gemini Social Club','Indoor & Outdoor Spa, Pool Table,Lockers,   Private & Group Rooms, XXX-Videos, \"Plus Special Dungeon Room\".','1248 N White Ave',6,125,'(909) 622-8544','','http://www.geminisocialclub.com/','34.070397','-117.759069',4,'2009-07-04',0),(1161,'Edgewater West Adult Resort','Adult hotel and resort.','10 Hegenberger Rd',6,112,'(510) 632-4172','','','37.726831','-122.201483',5,'2009-07-27',0),(1162,'Trino\'s Lounge','Swingers\' place with a laid-back atmosphere.','1443 Fulton Ave',6,137,'(916) 978-9000','','','38.592114','-121.401417',1,'2009-06-03',0),(1163,'Club Sesso Las Vegas','Ron Jeremy\'s Off Premise Club with different membership options.','http://www.clubsesso.com/',41,602,'(702)448-2776','','http://www.clubsesso.com/','45.516628','-122.673887',5,'2009-07-25',0),(1164,'Sun Island Resort','a Nudist Resort, not a Swingers Club!  Although, it is well known that many swingers live and play here,','1631 Harbison Canyon Rd',6,63,'(619) 445-3754','','http://www.swallowssunisland.com/','32.800411','-116.843095',1,'2009-07-14',0),(1165,'Sugar House','Sugar House is filled with upscale, attractive, fit and friendly Denver Colorado swingers all ready to enjoy and share a drink from our award-winning cocktail menu, dance on our sexy and cozy dance floor to one of Denver\'s finest DJ\'s, and participate in our many sexy and erotic theme parties.','1395 W Alameda Ave',8,185,'(303) 777-9900','','http://www.sugarhouselounge.com/','39.711507','-105.006096',4,'2009-06-03',0),(1166,'Scarlett Ranch','Denver\'s only On-Premise lifestyle club attracting more then 400 new couples every month. ','424 Broadway',8,185,'(303) 722-7538','','http://www.scarletranch.com/','39.723131','-104.987131',5,'2009-09-19',0),(1167,'Legacy Club','Off-premise, 7 days a week club. Single men are welcomed.','3925 Clarcona Ocoee Rd',12,255,'(407) 521-2007','','http://legacycluborlando.com/','28.614750','-81.426023',3,'2009-07-07',0),(1168,'Fubars','Club FUBARS is cozy nice new club that just opened and is allowing us to host our lifestyle friendly Meet & Greets on certain nights','6501 Us Highway 301',12,765,'(813) 374-9211','','','27.886141','-82.330567',5,'2009-06-13',1),(1169,'Playtime parties','Put on those sexy costumes and come out to help us rock!','2544 S Lake Dr',45,766,'(803) 755-0011','','http://www.playtimeparties.net','33.875954','-81.215329',5,'2009-09-07',0),(1170,'Playtime Club','On Premise ,  Private Social Club, With Over  4,000 Square Feet Of Entertainment.','3200 East Pike',39,768,'(740) 404-2256','','http://www.playtimeclub.com/','39.951058','-81.944288',2,'2009-08-17',0),(1171,'Dirty Ratts','Alternative Lifestyle, Swinger and Strip Club.','4830 Fulton Industrial Blvd SW',13,275,'(404) 472-2110','','','33.756082','-84.544411',4,'2009-09-07',0),(1172,'Club Forbidden',' South Houston\'s premier private on-premise social club for couples, single ladies, and single gentlemen who are active in or curious about the swinging lifestyle.','8101 Airport Blvd',48,658,'(713) 641-5555','','http://forbidden.deardestanie.com/','29.659183','-95.270204',3,'2009-09-02',0),(1173,'Crucible','The Crucible is a for-profit Pansexual Alternate Lifestyles play event.','1816 Half St SW',57,771,'(202) 554-1310','','http://www.the-crucible.com/','38.867679','-77.010420',4,'2009-09-29',0),(1174,'Angel\'s','Portland\'s oldest running private on-premise social club.','3533 SE 39th',41,602,'(503) 236-0780','','http://angelspdx.com/','45.496731','-122.622946',4,'2009-06-04',0),(1175,'Twist','Twist has become a melting pot of gay/bi and straight people from all over. Billing ourselves as the original %u201CAlternative Lifestyle%u201D Club, we offer a place where you can be yourself, or be someone else! ','1170 Highway 315',42,772,'','','http://www.twistbarpa.com/','41.272644','-75.801590',5,'2009-09-03',0),(1176,'Florida\'s Finest Couples','Florida\'s Finest Couples is Florida\'s premier lifestyle party group. Continiously operating since 2007 we have hosted hundreds of events and parties. Our group is open to all couples and single females. We host parties and events at a variety of on-premise and off-premise clubs across the state. Additionally, we also host private members only parties, vacations, co-sponsored conventions, events with other party groups and meet & greets. Our website ( www.FloridasFinestCouples.com ) is free and provides free registration to all couples and single females. Those who become card holders receive discounts at our affiliated lifestyle companies, clubs, websites and other businesses. A $40 per year card holder member in our group can save hundreds per year. Cum, check us out, register for free and become a card holder for Florida\'s Premier Party Group today!','',12,263,'','Swing4UinSRQ@aol.com','http://www.floridasfinestcouples.com/',NULL,NULL,5,'2010-01-22',0),(1177,'Bisexual Play Pen','The Monthly bisexual hotel party in Downers Grove Ill....The 1st Saturday of the month 20 bisexual men, women and Transexuals. That meet mingle and engage in Group sex the 1st Saturday night of every month.\r\n\r\nMen Please Read This: The parties are very discreet, what goes on in \"THE ROOM\" stays in \"THE ROOM\". All of the men attending the party are bisexual. We play with ladies that like bi-guys. If you are the average single bi-male in Chicago this will be the best date U ever had.\r\n\r\nCouples Read This: If you are a Bisexual Couple in the swinging Life or looking to explore more than the average swing party has to offer. This is Definitely the party for you. The parties are scheduled weeks in advance. Nice looking discreet single people as well as cute fun couples that play for real. We socialize and mingle before we play.\r\n\r\nDONATIONS ARE: Couples $35, Gentlemen $50, Ladies Free except 4 specialty parties.       \r\n\r\nAll Parties B.Y.O.B.\r\nAll Parties Start at 9:30\r\nAll Parties are all Bisexual\r\nAll Parties are Invitation Only\r\nAll Parties are on Saturday Night ','Downers Grove',17,294,'(708) 872-SILK','bisexualplaypen@yahoo.com','http://www.bisexualplaypen.com/','41.808899','-88.011101',4,'2010-01-27',0),(1178,'ANGELS Social Club','It\'s the one of the largest alternative lifestyle social clubs on the west coast, and Portland\'s original & longest running private on-premise social club at the same location in SE Portland Oregon!! ( only a recent name change). Newly remodeled 10,000 square foot lifestyle social area warmly welcomes you.\r\n\r\nANGELS Club is a private on-premise lifestyle social club which allows those who wish to take  socializing further the amenities to fulfill those fantasies. They reserve the right to refuse membership based on several criteria including overall appearance and conduct. Your membership will be denied and/or revoked if your conduct or appearance is not suited for the club. This policy allows club owners more discretion in recruiting and retaining quality members.\r\n\r\nAttendance to Friday-night parties have a ratio of men: women less then 1.5:1, while Saturday-night parties have a ratio of 1:1. Club also offers alternative lifestyle choice parties on different Thursdays and Sundays throughout the month. Guests range in age from 21 to mid 50s.\r\n\r\nWhile club owners encourage everyone to fulfill their personal fantasies, they do insist that members not ruin others\' fantasies in the process. Club policies are founded on good manners and common sense: ask before you touch, ask once and only once, no means no and treat everyone with dignity. Failure to demonstrate good manners will result in your removal from the club.\r\n\r\nClub website provides information regarding events, club amenities, fees, and some of the most common questions. If after reviewing the site you still have further questions  contact the club owners by phone or email.','3533 SE 39th Avenue',41,602,'503-727-3580','assc.owner@yahoo.com','http://angelspdx.com/','45.484090','-122.640029',4,'2010-01-27',0);
/*!40000 ALTER TABLE `directory_club` ENABLE KEYS */;
UNLOCK TABLES;

--
-- Table structure for table `directory_page`
--

DROP TABLE IF EXISTS `directory_page`;
CREATE TABLE `directory_page` (
  `id` int(11) NOT NULL auto_increment,
  `path` varchar(100) NOT NULL default '',
  PRIMARY KEY  (`id`)
) ENGINE=MyISAM DEFAULT CHARSET=latin1;

--
-- Dumping data for table `directory_page`
--

LOCK TABLES `directory_page` WRITE;
/*!40000 ALTER TABLE `directory_page` DISABLE KEYS */;
/*!40000 ALTER TABLE `directory_page` ENABLE KEYS */;
UNLOCK TABLES;

--
-- Table structure for table `directory_photo`
--

DROP TABLE IF EXISTS `directory_photo`;
CREATE TABLE `directory_photo` (
  `id` int(11) NOT NULL auto_increment,
  `original_image` varchar(100) NOT NULL default '',
  `club_id` int(11) NOT NULL default '0',
  PRIMARY KEY  (`id`),
  KEY `directory_photo_club_id` (`club_id`)
) ENGINE=MyISAM AUTO_INCREMENT=427 DEFAULT CHARSET=latin1;

--
-- Dumping data for table `directory_photo`
--

LOCK TABLES `directory_photo` WRITE;
/*!40000 ALTER TABLE `directory_photo` DISABLE KEYS */;
INSERT INTO `directory_photo` VALUES (4,'photos/4.jpg',4),(5,'photos/5.jpg',5),(6,'photos/8.jpg',8),(7,'photos/18.png',18),(8,'photos/24-1.jpg',24),(9,'photos/24-2.jpg',24),(10,'photos/24.jpg',24),(11,'photos/26.jpg',26),(12,'photos/37.jpg',37),(13,'photos/41.jpg',41),(14,'photos/43.jpg',43),(15,'photos/55.jpg',55),(16,'photos/56.jpg',56),(17,'photos/60.jpg',60),(18,'photos/76.jpg',76),(19,'photos/77.jpg',77),(20,'photos/79-1.jpg',79),(21,'photos/79.jpg',79),(22,'photos/83-1.jpg',83),(23,'photos/83.jpg',83),(24,'photos/90.jpg',90),(25,'photos/91-1.jpg',91),(26,'photos/91.jpg',91),(27,'photos/95.jpg',95),(28,'photos/98.jpg',98),(29,'photos/106.jpg',106),(30,'photos/112-1.jpg',112),(31,'photos/112.jpg',112),(32,'photos/115-1.jpg',115),(33,'photos/115-2.jpg',115),(34,'photos/115-3.jpg',115),(35,'photos/115.jpg',115),(36,'photos/118-1.jpg',118),(37,'photos/118-2.jpg',118),(38,'photos/118.jpg',118),(39,'photos/122.jpg',122),(40,'photos/123-1.jpg',123),(41,'photos/123.jpg',123),(42,'photos/131.jpg',131),(43,'photos/144.jpg',144),(44,'photos/146.jpg',146),(45,'photos/149-1.jpg',149),(46,'photos/149.jpg',149),(47,'photos/152.jpg',152),(48,'photos/154-1.jpg',154),(49,'photos/154.jpg',154),(50,'photos/156.jpg',156),(51,'photos/161-1.jpg',161),(52,'photos/161.jpg',161),(53,'photos/164-1.jpg',164),(54,'photos/164.jpg',164),(55,'photos/168.jpg',168),(56,'photos/181.jpg',181),(57,'photos/183-1.jpg',183),(58,'photos/183.jpg',183),(59,'photos/185-1.jpg',185),(60,'photos/185.jpg',185),(61,'photos/188.jpg',188),(62,'photos/190-1.jpg',190),(63,'photos/190.jpg',190),(64,'photos/222.jpg',222),(65,'photos/229-1.jpg',229),(66,'photos/229.jpg',229),(67,'photos/234-1.jpg',234),(68,'photos/234.jpg',234),(69,'photos/235.jpg',235),(70,'photos/242-1.jpg',242),(71,'photos/242.jpg',242),(72,'photos/247.jpg',247),(73,'photos/248-1.jpg',248),(74,'photos/249.jpg',249),(75,'photos/254-1.jpg',254),(76,'photos/254.jpg',254),(77,'photos/267.jpg',267),(78,'photos/268.jpg',268),(79,'photos/272-1.jpg',272),(80,'photos/272.jpg',272),(81,'photos/280-1.jpg',280),(82,'photos/280.jpg',280),(83,'photos/290-1.jpg',290),(84,'photos/290.jpg',290),(85,'photos/291-1.jpg',291),(86,'photos/291.jpg',291),(87,'photos/300-1.jpg',300),(88,'photos/300.jpg',300),(89,'photos/338.jpg',338),(90,'photos/351.jpg',351),(91,'photos/352-1.jpg',352),(92,'photos/352-2.jpg',352),(93,'photos/352-3.jpg',352),(94,'photos/352.jpg',352),(95,'photos/358-1.jpg',358),(96,'photos/358-2.jpg',358),(97,'photos/358.jpg',358),(98,'photos/359.jpg',359),(99,'photos/360.jpg',360),(100,'photos/377.jpg',377),(101,'photos/388-1.jpg',388),(102,'photos/388.jpg',388),(103,'photos/396.jpg',396),(104,'photos/403-1.jpg',403),(105,'photos/403-2.jpg',403),(106,'photos/403.jpg',403),(107,'photos/407-1.jpg',407),(108,'photos/407.jpg',407),(109,'photos/409.jpg',409),(110,'photos/422-1.jpg',422),(111,'photos/422.jpg',422),(112,'photos/427.jpg',427),(113,'photos/430.jpg',430),(114,'photos/434.jpg',434),(115,'photos/438-1.jpg',438),(116,'photos/438.jpg',438),(117,'photos/439-1.jpg',439),(118,'photos/439.jpg',439),(119,'photos/441.jpg',441),(120,'photos/442.jpg',442),(121,'photos/470.jpg',470),(122,'photos/474.jpg',474),(123,'photos/483.jpg',483),(124,'photos/485.jpg',485),(125,'photos/486-1.jpg',486),(126,'photos/486.jpg',486),(127,'photos/492.jpg',492),(128,'photos/493.jpg',493),(129,'photos/505.jpg',505),(130,'photos/506.jpg',506),(131,'photos/507.jpg',507),(132,'photos/516.jpg',516),(133,'photos/518.jpg',518),(134,'photos/521.jpg',521),(135,'photos/522.jpg',522),(136,'photos/523.jpg',523),(137,'photos/528-1.jpg',528),(138,'photos/528.jpg',528),(139,'photos/532.jpg',532),(140,'photos/535.jpg',535),(141,'photos/537.jpg',537),(142,'photos/538.jpg',538),(143,'photos/541.jpg',541),(144,'photos/542.jpg',542),(145,'photos/543.jpg',543),(146,'photos/545-1.jpg',545),(147,'photos/545.jpg',545),(148,'photos/546.jpg',546),(149,'photos/555.jpg',555),(150,'photos/556.jpg',556),(151,'photos/559.jpg',559),(152,'photos/561.jpg',561),(153,'photos/563.jpg',563),(154,'photos/565-1.jpg',565),(155,'photos/565.gif',565),(156,'photos/566.jpg',566),(157,'photos/567.jpg',567),(158,'photos/570.jpg',570),(159,'photos/571.jpg',571),(160,'photos/573-1.jpg',573),(161,'photos/573.jpg',573),(162,'photos/576.jpg',576),(163,'photos/579.jpg',579),(164,'photos/580.jpg',580),(165,'photos/583.jpg',583),(166,'photos/588-1.jpg',588),(167,'photos/588.jpg',588),(168,'photos/590-1.jpg',590),(169,'photos/590.jpg',590),(170,'photos/593.jpg',593),(171,'photos/596-1.jpg',596),(172,'photos/596.jpg',596),(173,'photos/598-1.jpg',598),(174,'photos/598.jpg',598),(175,'photos/601.jpg',601),(176,'photos/604-1.jpg',604),(177,'photos/604.jpg',604),(178,'photos/605.jpg',605),(179,'photos/611.jpg',611),(180,'photos/613.jpg',613),(181,'photos/614.jpg',614),(182,'photos/615.jpg',615),(183,'photos/616.jpg',616),(184,'photos/617.jpg',617),(185,'photos/618.jpg',618),(186,'photos/620.jpg',620),(187,'photos/622.jpg',622),(188,'photos/625.jpg',625),(189,'photos/626.jpg',626),(190,'photos/627.gif',627),(191,'photos/628.jpg',628),(192,'photos/629.jpg',629),(193,'photos/631.jpg',631),(194,'photos/632.jpg',632),(195,'photos/634.jpg',634),(196,'photos/635.jpg',635),(197,'photos/637.jpg',637),(198,'photos/640.jpg',640),(199,'photos/641.jpg',641),(200,'photos/646.jpg',646),(201,'photos/647.jpg',647),(202,'photos/652.jpg',652),(203,'photos/653.jpg',653),(204,'photos/654.jpg',654),(205,'photos/657.jpg',657),(206,'photos/665.jpg',665),(207,'photos/667.jpg',667),(208,'photos/669.jpg',669),(209,'photos/672.jpg',672),(210,'photos/674-1.jpg',674),(211,'photos/674.jpg',674),(212,'photos/680.jpg',680),(213,'photos/682-1.jpg',682),(214,'photos/682.jpg',682),(215,'photos/684.jpg',684),(216,'photos/688.jpg',688),(217,'photos/690.jpg',690),(218,'photos/692.jpg',692),(219,'photos/693-1.jpg',693),(220,'photos/693.jpg',693),(221,'photos/695-1.jpg',695),(222,'photos/695.jpg',695),(223,'photos/698-1.jpg',698),(224,'photos/698.jpg',698),(225,'photos/706.jpg',706),(226,'photos/707.jpg',707),(227,'photos/710.jpg',710),(228,'photos/711.jpg',711),(229,'photos/713-1.jpg',713),(230,'photos/713-2.jpg',713),(231,'photos/713.jpg',713),(232,'photos/717.jpg',717),(233,'photos/718-1.jpg',718),(234,'photos/718.jpg',718),(235,'photos/721.jpg',721),(236,'photos/725.jpg',725),(237,'photos/729.jpg',729),(238,'photos/730.jpg',730),(239,'photos/732-1.jpg',732),(240,'photos/732.jpg',732),(241,'photos/733.jpg',733),(242,'photos/737.jpg',737),(243,'photos/739.jpg',739),(244,'photos/741.jpg',741),(245,'photos/748.jpg',748),(246,'photos/757.jpg',757),(247,'photos/759.jpg',759),(248,'photos/762-1.jpg',762),(249,'photos/762.jpg',762),(250,'photos/763.jpg',763),(251,'photos/764-1.jpg',764),(252,'photos/764.jpg',764),(253,'photos/767.jpg',767),(254,'photos/769.jpg',769),(255,'photos/771.jpg',771),(256,'photos/773.jpg',773),(257,'photos/775.jpg',775),(258,'photos/779.jpg',779),(259,'photos/780.jpg',780),(260,'photos/782.jpg',782),(261,'photos/785-1.jpg',785),(262,'photos/785.gif',785),(263,'photos/786-1.jpg',786),(264,'photos/786.jpg',786),(265,'photos/789.jpg',789),(266,'photos/794.jpg',794),(267,'photos/798.jpg',798),(268,'photos/799-1.jpg',799),(269,'photos/799.jpg',799),(270,'photos/800-1.jpg',800),(271,'photos/800-2.jpg',800),(272,'photos/800.jpg',800),(273,'photos/814.jpg',814),(274,'photos/816-1.jpg',816),(275,'photos/816.jpg',816),(276,'photos/822.jpg',822),(277,'photos/824.jpg',824),(278,'photos/825.jpg',825),(279,'photos/827.jpg',827),(280,'photos/828.jpg',828),(281,'photos/830-1.jpg',830),(282,'photos/830.jpg',830),(283,'photos/836.jpg',836),(284,'photos/846.jpg',846),(285,'photos/849.jpg',849),(286,'photos/852.jpg',852),(287,'photos/853.jpg',853),(288,'photos/854.jpg',854),(289,'photos/859.jpg',859),(290,'photos/860.jpg',860),(291,'photos/861.jpg',861),(292,'photos/862.jpg',862),(293,'photos/864.jpg',864),(294,'photos/869.jpg',869),(295,'photos/872.jpg',872),(296,'photos/874.jpg',874),(297,'photos/876.jpg',876),(298,'photos/877.jpg',877),(299,'photos/879.jpg',879),(300,'photos/880-1.jpg',880),(301,'photos/880.jpg',880),(302,'photos/881-1.jpg',881),(303,'photos/881.jpg',881),(304,'photos/891-1.jpg',891),(305,'photos/891.jpg',891),(306,'photos/892.jpg',892),(307,'photos/893-1.jpg',893),(308,'photos/893-2.jpg',893),(309,'photos/893.jpg',893),(310,'photos/894-1.jpg',894),(311,'photos/894.jpg',894),(312,'photos/896.jpg',896),(313,'photos/897-1.jpg',897),(314,'photos/897-2.jpg',897),(315,'photos/897.jpg',897),(316,'photos/899-1.jpg',899),(317,'photos/899-2.jpg',899),(318,'photos/899.jpg',899),(319,'photos/900.gif',900),(320,'photos/902.jpg',902),(321,'photos/908.jpg',908),(322,'photos/909.jpg',909),(323,'photos/911.jpg',911),(324,'photos/914.jpg',914),(325,'photos/917.jpg',917),(326,'photos/919.jpg',919),(327,'photos/920.jpg',920),(328,'photos/921.jpg',921),(329,'photos/924.jpg',924),(330,'photos/938-1.jpg',938),(331,'photos/938.jpg',938),(332,'photos/940.jpg',940),(333,'photos/949.gif',949),(334,'photos/957-1.jpg',957),(335,'photos/957.jpg',957),(336,'photos/962.jpg',962),(337,'photos/966.jpg',966),(338,'photos/967.jpg',967),(339,'photos/968.jpg',968),(340,'photos/969.jpg',969),(341,'photos/972.jpg',972),(342,'photos/978.jpg',978),(343,'photos/982-1.jpg',982),(344,'photos/982-2.jpg',982),(345,'photos/982.jpg',982),(346,'photos/985.jpg',985),(347,'photos/990-1.jpg',990),(348,'photos/990.jpg',990),(349,'photos/991-1.jpg',991),(350,'photos/991-2.jpg',991),(351,'photos/991.jpg',991),(352,'photos/992-1.jpg',992),(353,'photos/992.jpg',992),(354,'photos/993.jpg',993),(355,'photos/994.jpg',994),(356,'photos/1001.jpg',1001),(357,'photos/1004.jpg',1004),(358,'photos/1008.jpg',1008),(359,'photos/1018.jpg',1018),(360,'photos/1019.jpg',1019),(361,'photos/1021-1.jpg',1021),(362,'photos/1021-2.jpg',1021),(363,'photos/1021.jpg',1021),(364,'photos/1022-1.jpg',1022),(365,'photos/1022.jpg',1022),(366,'photos/1023.jpg',1023),(367,'photos/1031.jpg',1031),(368,'photos/1033.jpg',1033),(369,'photos/1035.jpg',1035),(370,'photos/1038.jpg',1038),(371,'photos/1040.jpg',1040),(372,'photos/1041.jpg',1041),(373,'photos/1055.jpg',1055),(374,'photos/1058.jpg',1058),(375,'photos/1059.jpg',1059),(376,'photos/1060.jpg',1060),(377,'photos/1062.jpg',1062),(378,'photos/1063.jpg',1063),(379,'photos/1068.jpg',1068),(380,'photos/1070.jpg',1070),(381,'photos/1073.jpg',1073),(382,'photos/1076.jpg',1076),(383,'photos/1082.jpg',1082),(384,'photos/1084.jpg',1084),(385,'photos/1086.jpg',1086),(386,'photos/1087.jpg',1087),(387,'photos/1089.jpg',1089),(388,'photos/1090-1.jpg',1090),(389,'photos/1090.jpg',1090),(390,'photos/1093.jpg',1093),(391,'photos/1097.jpg',1097),(392,'photos/1098.jpg',1098),(393,'photos/1102-1.jpg',1102),(394,'photos/1102.jpg',1102),(395,'photos/1105.jpg',1105),(396,'photos/1106.jpg',1106),(397,'photos/1107.jpg',1107),(398,'photos/1108.jpg',1108),(399,'photos/1109.jpg',1109),(400,'photos/1110.jpg',1110),(401,'photos/1111.jpg',1111),(402,'photos/1112.jpg',1112),(403,'photos/1121.jpg',1121),(404,'photos/1130.jpg',1130),(405,'photos/1132.jpg',1132),(406,'photos/1133.jpg',1133),(407,'photos/1135.jpg',1135),(408,'photos/1136.jpg',1136),(409,'photos/1137.jpg',1137),(410,'photos/1142.jpg',1142),(411,'photos/1143.jpg',1143),(412,'photos/1149-1.jpg',1149),(413,'photos/1149.jpg',1149),(414,'photos/1153.jpg',1153),(415,'photos/1158-1.jpg',1158),(416,'photos/1158-2.jpg',1158),(417,'photos/1158-3.jpg',1158),(418,'photos/1158-4.jpg',1158),(419,'photos/1158-5.jpg',1158),(420,'photos/1507.jpg',1507),(422,'photos/Cropped_FFC.jpg',1176),(423,'photos/101269.jpg',1177),(424,'photos/k_2.jpg',1177),(425,'photos/0290912390.jpg',1177),(426,'photos/1721.jpg',1177);
/*!40000 ALTER TABLE `directory_photo` ENABLE KEYS */;
UNLOCK TABLES;

--
-- Table structure for table `directory_state`
--

DROP TABLE IF EXISTS `directory_state`;
CREATE TABLE `directory_state` (
  `id` int(11) NOT NULL auto_increment,
  `name` varchar(20) NOT NULL default '',
  `usps_name` char(2) NOT NULL default '',
  PRIMARY KEY  (`id`)
) ENGINE=MyISAM AUTO_INCREMENT=58 DEFAULT CHARSET=latin1;

--
-- Dumping data for table `directory_state`
--

LOCK TABLES `directory_state` WRITE;
/*!40000 ALTER TABLE `directory_state` DISABLE KEYS */;
INSERT INTO `directory_state` VALUES (1,'Alabama','AL'),(2,'Alaska','AK'),(4,'Arizona','AZ'),(5,'Arkansas','AR'),(6,'California','CA'),(8,'Colorado','CO'),(9,'Connecticut','CT'),(10,'Delaware','DE'),(12,'Florida','FL'),(13,'Georgia','GA'),(15,'Hawaii','HI'),(16,'Idaho','ID'),(17,'Illinois','IL'),(18,'Indiana','IN'),(19,'Iowa','IA'),(20,'Kansas','KS'),(21,'Kentucky','KY'),(22,'Louisiana','LA'),(23,'Maine','ME'),(24,'Maryland','MD'),(25,'Massachusetts','MA'),(26,'Michigan','MI'),(27,'Minnesota','MN'),(28,'Missouri','MO'),(29,'Mississippi','MS'),(30,'Montana','MT'),(31,'Nebraska','NE'),(32,'Nevada','NV'),(33,'New Hampshire','NH'),(34,'New Jersey','NJ'),(35,'New Mexico','NM'),(36,'New York','NY'),(37,'North Carolina','NC'),(38,'North Dakota','ND'),(39,'Ohio','OH'),(40,'Oklahoma','OK'),(41,'Oregon','OR'),(42,'Pennsylvania','PA'),(44,'Rhode Island','RI'),(45,'South Carolina','SC'),(46,'South Dakota','SD'),(47,'Tennessee','TN'),(48,'Texas','TX'),(49,'Utah','UT'),(50,'Vermont','VT'),(51,'Virginia','VA'),(53,'Washington','WA'),(54,'West Virginia','WV'),(55,'Wisconsin','WI'),(56,'Wyoming','WY'),(57,'Washington, DC','DC');
/*!40000 ALTER TABLE `directory_state` ENABLE KEYS */;
UNLOCK TABLES;

--
-- Table structure for table `directory_tradelink`
--

DROP TABLE IF EXISTS `directory_tradelink`;
CREATE TABLE `directory_tradelink` (
  `id` int(11) NOT NULL auto_increment,
  `url` varchar(200) NOT NULL default '',
  `title` varchar(100) NOT NULL default '',
  `description` text NOT NULL,
  `page_url` varchar(100) NOT NULL default '',
  PRIMARY KEY  (`id`)
) ENGINE=MyISAM AUTO_INCREMENT=2 DEFAULT CHARSET=latin1;

--
-- Dumping data for table `directory_tradelink`
--

LOCK TABLES `directory_tradelink` WRITE;
/*!40000 ALTER TABLE `directory_tradelink` DISABLE KEYS */;
INSERT INTO `directory_tradelink` VALUES (1,'http://www.swingingplaces.com/','Favorite Swinging Places Rated by Swingers','','/');
/*!40000 ALTER TABLE `directory_tradelink` ENABLE KEYS */;
UNLOCK TABLES;

--
-- Table structure for table `django_admin_log`
--

DROP TABLE IF EXISTS `django_admin_log`;
CREATE TABLE `django_admin_log` (
  `id` int(11) NOT NULL auto_increment,
  `action_time` datetime NOT NULL default '0000-00-00 00:00:00',
  `user_id` int(11) NOT NULL default '0',
  `content_type_id` int(11) default NULL,
  `object_id` longtext,
  `object_repr` varchar(200) NOT NULL default '',
  `action_flag` smallint(5) unsigned NOT NULL default '0',
  `change_message` longtext NOT NULL,
  PRIMARY KEY  (`id`),
  KEY `django_admin_log_user_id` (`user_id`),
  KEY `django_admin_log_content_type_id` (`content_type_id`)
) ENGINE=MyISAM AUTO_INCREMENT=111 DEFAULT CHARSET=latin1;

--
-- Dumping data for table `django_admin_log`
--

LOCK TABLES `django_admin_log` WRITE;
/*!40000 ALTER TABLE `django_admin_log` DISABLE KEYS */;
INSERT INTO `django_admin_log` VALUES (1,'2009-12-18 12:06:36',1,11,'2','Chesapeake Ba Swinging Boaters (None)',2,'Changed city.'),(2,'2009-12-21 04:19:07',1,12,'1','/Activities.html -- Activities',1,''),(3,'2009-12-21 04:20:11',1,12,'2','test -- test',1,''),(4,'2009-12-21 04:20:30',1,12,'2','/test/ -- test',2,'Changed url.'),(5,'2009-12-22 03:02:56',1,12,'2','/test/ -- test',3,''),(6,'2009-12-22 03:06:46',1,12,'3','/History.html -- History',1,''),(7,'2009-12-22 03:07:57',1,12,'4','/Research.html -- Research',1,''),(8,'2009-12-22 03:08:57',1,12,'5','/Organizations.html -- Organizations',1,''),(9,'2009-12-22 03:09:34',1,12,'6','/Etiquette.html -- Etiquette',1,''),(10,'2009-12-22 03:10:45',1,12,'7','/Bisexuality.html -- Bisexuality',1,''),(11,'2009-12-22 03:11:46',1,12,'8','/Dogging.html -- Dogging',1,''),(12,'2009-12-22 03:12:27',1,12,'9','/Hot-Wife.html -- Hot Wife. Cuckold',1,''),(13,'2009-12-22 03:13:23',1,12,'10','/Polyamory.html -- Polyamory',1,''),(14,'2009-12-22 03:14:07',1,12,'11','/Selective-swinging.html -- Selective swinging',1,''),(15,'2009-12-22 03:14:38',1,12,'12','/Singles.html -- Singles',1,''),(16,'2009-12-22 03:20:56',1,7,'1','127.0.0.1:8000',2,'Changed domain and name.'),(18,'2009-12-25 08:09:13',1,15,'1','Page object',1,''),(19,'2009-12-25 10:47:01',1,16,'3','http://www.swingingplaces.com/',1,''),(20,'2009-12-25 10:47:33',1,16,'2','http://www.freeswingersguide.com/',2,'Changed url and title.'),(21,'2009-12-25 10:48:04',1,16,'1','http://porncomments.com/',2,'Changed url and title.'),(22,'2009-12-27 03:34:40',1,11,'1032',' (None)',3,''),(23,'2009-12-28 02:12:07',1,15,'1','/',2,'Added tradelink \"http://www.adult-playrooms.com/index.php\". Added tradelink \"http://www.babelogbook.com/\". Added tradelink \"http://www.porncitadel.com/blog/\". Added tradelink \"http://www.sexoagora.net/\". Added tradelink \"http://www.latinasbutt.com/\".'),(24,'2009-12-28 02:20:00',1,15,'1','/',2,'Added tradelink \"http://www.gotgayvideos.com/\".'),(25,'2009-12-28 02:20:33',1,15,'1','/',2,'No fields changed.'),(26,'2009-12-28 02:22:49',1,16,'10','http://www.premiumpornsearch.com/main/?cmd=1&ss=swingers',1,''),(27,'2009-12-28 02:23:05',1,16,'11','http://privatescene.com/free-mature-xxx/',1,''),(28,'2009-12-28 02:23:32',1,16,'12','http://moms-films.com/',1,''),(29,'2009-12-28 02:23:42',1,16,'13','http://www.gagaweb.org/',1,''),(30,'2009-12-28 02:23:52',1,16,'14','http://www.simplylena.com/',1,''),(31,'2009-12-28 02:49:01',1,16,'15','http://www.sexgroom.com/',1,''),(32,'2009-12-28 02:49:50',1,16,'16','http://www.belle-brandi-cum.com/',1,''),(33,'2009-12-28 02:50:06',1,16,'17','http://allnakednow.com/',1,''),(34,'2009-12-28 02:50:21',1,16,'18','http://www.cfnm-blog.com/',1,''),(35,'2009-12-28 02:50:33',1,16,'19','http://www.partygirlsinpublic.com/',1,''),(36,'2009-12-28 03:03:59',1,12,'13','sites.html -- Swingers and Adult Dating Sites',1,''),(37,'2009-12-28 03:04:14',1,12,'13','/sites.html -- Swingers and Adult Dating Sites',2,'Changed url.'),(38,'2009-12-28 03:19:05',1,15,'2','/sites.html',1,''),(39,'2009-12-28 03:20:03',1,15,'2','/sites.html',2,'Added tradelink \"http://www.adult-connexxxions.co.uk/\". Added tradelink \"http://www.pornpaysites.net/\". Added tradelink \"http://ylovesporn.com/\".'),(40,'2009-12-28 03:21:00',1,15,'2','/sites.html',2,'Added tradelink \"http://www.hispanicdating.co.uk/\". Added tradelink \"http://www.femalethongmodel.com/\". Added tradelink \"http://www.sin20.com/lifestyle\". Added tradelink \"http://www.freeswingersguide.com/\".'),(41,'2009-12-28 05:21:50',1,15,'3','/Bisexuality.html',1,''),(42,'2009-12-28 05:22:50',1,15,'3','/Bisexuality.html',2,'Added tradelink \"http://www.porncitadel.com/\". Added tradelink \"http://www.happyreviews.com/bisexual.html\".'),(43,'2009-12-28 05:23:19',1,15,'4','/Dogging.html',1,''),(44,'2009-12-28 05:24:10',1,15,'4','/Dogging.html',2,'Added tradelink \"http://www.linkdump.tv/\". Added tradelink \"http://publicsexsite.com/\".'),(45,'2009-12-28 05:30:26',1,15,'3','/Bisexuality.html',2,'Changed description for tradelink \"http://www.porncitadel.com/\".'),(46,'2009-12-28 06:05:08',1,15,'5','/fl-clubs.html',1,''),(47,'2009-12-28 06:05:50',1,15,'6','/ny-clubs.html',1,''),(48,'2010-01-12 07:49:37',1,16,'20','http://www.adult-connexxxions.co.uk/',3,''),(49,'2010-01-12 07:50:34',1,16,'13','http://www.gagaweb.org/',3,''),(50,'2010-01-20 02:27:06',1,11,'171','AlaPleasures Club (Birmingham city, AL)',2,'Added photo \"Photo object\".'),(51,'2010-01-20 06:02:40',1,11,'171','AlaPleasures Club (Birmingham city, AL)',2,'Deleted photo \"Photo object\".'),(52,'2010-01-20 06:03:03',1,11,'171','AlaPleasures Club (Birmingham city, AL)',2,'Added photo \"Photo object\".'),(53,'2010-01-20 06:28:48',1,11,'171','AlaPleasures Club (Birmingham city, AL)',2,'Deleted photo \"Photo object\".'),(54,'2010-01-20 06:29:02',1,11,'171','AlaPleasures Club (Birmingham city, AL)',2,'Added photo \"Photo object\".'),(55,'2010-01-20 06:34:02',1,11,'171','AlaPleasures Club (Birmingham city, AL)',2,'Deleted photo \"Photo object\".'),(56,'2010-01-22 00:07:29',1,11,'426','Beginnings (None)',2,'Changed is_closed.'),(57,'2010-01-22 00:08:39',1,11,'823','clubkittycat (None)',2,'Changed is_closed.'),(58,'2010-01-22 00:10:33',1,7,'1','allswingersclubs.org',2,'Changed domain.'),(59,'2010-01-22 00:22:05',1,11,'191','Fantasy Delights (Malvern city, AR)',2,'Changed is_closed.'),(60,'2010-01-22 00:22:05',1,11,'552','Fantasy Delights (Malvern city, AR)',2,'Changed is_closed.'),(61,'2010-01-22 00:25:01',1,11,'133','EnvyChic (Miami city, FL)',2,'Changed phone.'),(62,'2010-01-22 00:29:34',1,11,'553','River Valley Couples Club (Fort Smith city, AR)',2,'Changed name and description.'),(63,'2010-01-22 00:36:01',1,11,'429','Second Saturday (Fairfield town, CT)',2,'Changed phone.'),(64,'2010-01-22 00:37:22',1,11,'898','Second Saturday Club (Wayne township, NJ)',2,'Changed is_closed.'),(65,'2010-01-22 00:38:56',1,11,'429','Second Saturday Club (Fairfield town, CT)',2,'Changed name, description, email and homepage.'),(66,'2010-01-22 00:40:54',1,11,'429','Second Saturday Club (Fairfield town, CT)',2,'Changed rating and date_of_review.'),(67,'2010-01-22 00:46:29',1,11,'553','River Valley Couples Club (Fort Smith city, AR)',2,'Changed date_of_review.'),(68,'2010-01-22 00:52:29',1,11,'258','Secrets Ft Worth (Fort Worth city, TX)',2,'Changed is_closed.'),(69,'2010-01-22 00:53:24',1,11,'275','The Sans Souci (Dallas city, TX)',2,'Changed is_closed.'),(70,'2010-01-22 01:00:07',1,11,'269','The Erotic Zone (Dallas city, TX)',2,'Changed is_closed.'),(71,'2010-01-22 01:02:09',1,11,'260','Spankees (Dallas city, TX)',2,'Changed is_closed.'),(72,'2010-01-22 01:04:12',1,11,'252','Naughty Forest (Irving city, TX)',2,'Changed is_closed.'),(73,'2010-01-22 01:04:55',1,11,'268','Cherry Pit (None)',2,'Changed is_closed.'),(74,'2010-01-22 01:12:39',1,11,'493','Route 66 Swingers Club (Amarillo city, TX)',2,'Changed is_closed.'),(75,'2010-01-22 01:16:19',1,11,'493','Route 66 Swingers Club (Amarillo city, TX)',2,'Changed is_closed.'),(76,'2010-01-22 01:18:36',1,11,'493','Route 66 Swingers Club (Amarillo city, TX)',2,'Changed is_closed.'),(77,'2010-01-22 02:35:46',1,11,'845','GrandRapids meet and greet (Wyoming city, MI)',2,'Changed phone.'),(78,'2010-01-22 09:30:50',1,11,'1176','Florida\'s Finest Couples (None)',1,''),(79,'2010-01-22 09:38:57',1,11,'1176','Florida\'s Finest Couples (Sarasota city, FL)',2,'Changed city.'),(80,'2010-01-22 09:40:32',1,11,'1176','Florida\'s Finest Couples (Sarasota city, FL)',2,'Added photo \"Photo object\".'),(81,'2010-01-22 09:40:55',1,11,'1176','Florida\'s Finest Couples (Sarasota city, FL)',2,'Deleted photo \"Photo object\".'),(82,'2010-01-22 09:41:29',1,11,'1176','Florida\'s Finest Couples (Sarasota city, FL)',2,'Added photo \"Photo object\".'),(83,'2010-01-22 09:42:27',1,11,'1176','Florida\'s Finest Couples (Sarasota city, FL)',2,'Changed homepage.'),(84,'2010-01-22 09:43:17',1,11,'1176','Florida\'s Finest Couples (Sarasota city, FL)',2,'No fields changed.'),(85,'2010-01-26 22:57:54',1,11,'1177','Bisexual Play Pen (Chicago city, IL)',1,''),(86,'2010-01-26 23:01:48',1,11,'1177','Bisexual Play Pen (Chicago city, IL)',2,'Changed address, latitude and longitude.'),(87,'2010-01-26 23:04:02',1,11,'1177','Bisexual Play Pen (Chicago city, IL)',2,'Changed description.'),(88,'2010-01-26 23:05:15',1,11,'1177','Bisexual Play Pen (Chicago city, IL)',2,'Changed description.'),(89,'2010-01-26 23:21:54',1,11,'1177','Bisexual Play Pen (Chicago city, IL)',2,'Added photo \"Photo object\". Added photo \"Photo object\". Added photo \"Photo object\". Added photo \"Photo object\".'),(90,'2010-01-26 23:44:11',1,11,'1178','ANGELS Social Club (Portland city, OR)',1,''),(91,'2010-01-27 00:36:01',1,11,'1178','ANGELS Social Club (Portland city, OR)',2,'Changed latitude and longitude.'),(92,'2010-01-27 00:45:58',1,11,'1178','ANGELS Social Club (Portland city, OR)',2,'Changed description.'),(93,'2010-01-27 02:51:25',1,11,'423','Club SINZ (None)',2,'Changed state and email.'),(94,'2010-01-27 02:55:05',1,11,'423','Club SINZ (None)',2,'Changed description and homepage.'),(95,'2010-01-27 05:08:57',1,11,'1174','Angel\'s (Portland city, OR)',2,'Changed description.'),(96,'2010-01-29 05:23:05',1,11,'677','Chocolate N Vanilla Swirl (Pensacola city, FL)',2,'Changed is_closed.'),(97,'2010-01-29 05:30:40',1,11,'127','Club Tastebuds (None)',2,'Changed is_closed.'),(98,'2010-01-29 05:30:41',1,11,'683','Club Tastebuds (Orange city, CA)',2,'Changed is_closed.'),(99,'2010-01-29 05:35:05',1,11,'699','Florida Friendly Swingers (Tampa city, FL)',2,'Changed is_closed.'),(100,'2010-01-29 05:38:45',1,11,'137','Florida Social (None)',2,'Changed is_closed.'),(101,'2010-01-29 05:41:02',1,11,'1168','Fubars (Riverview, FL)',2,'Changed is_closed.'),(102,'2010-01-29 05:41:51',1,11,'674','Hot Tropics Hideaway (None)',2,'Changed is_closed.'),(103,'2010-01-29 05:48:06',1,11,'146','Night Moves II (Tampa city, FL)',2,'Changed is_closed.'),(104,'2010-01-29 05:48:32',1,11,'147','North Fort Myers Couples (None)',2,'Changed is_closed.'),(105,'2010-01-29 05:48:55',1,11,'691','Penthouse Social Parties (None)',2,'Changed is_closed.'),(106,'2010-01-29 05:51:12',1,11,'151','Pleasure Palace (Tampa city, FL)',2,'Changed is_closed.'),(107,'2010-01-29 05:51:58',1,11,'138','Hotel Swingers Party\'s (Tampa city, FL)',2,'Changed is_closed.'),(108,'2010-01-29 05:51:58',1,11,'163','Swingers Hotel Party (Tampa city, FL)',2,'Changed is_closed.'),(109,'2010-01-29 05:54:07',1,11,'165','The House (Orlando city, FL)',2,'Changed is_closed.'),(110,'2010-01-29 05:54:29',1,11,'392','The Pleasure Palace (None)',2,'Changed is_closed.');
/*!40000 ALTER TABLE `django_admin_log` ENABLE KEYS */;
UNLOCK TABLES;

--
-- Table structure for table `django_content_type`
--

DROP TABLE IF EXISTS `django_content_type`;
CREATE TABLE `django_content_type` (
  `id` int(11) NOT NULL auto_increment,
  `name` varchar(100) NOT NULL default '',
  `app_label` varchar(100) NOT NULL default '',
  `model` varchar(100) NOT NULL default '',
  PRIMARY KEY  (`id`),
  UNIQUE KEY `app_label` (`app_label`,`model`)
) ENGINE=MyISAM AUTO_INCREMENT=19 DEFAULT CHARSET=latin1;

--
-- Dumping data for table `django_content_type`
--

LOCK TABLES `django_content_type` WRITE;
/*!40000 ALTER TABLE `django_content_type` DISABLE KEYS */;
INSERT INTO `django_content_type` VALUES (1,'permission','auth','permission'),(2,'group','auth','group'),(3,'user','auth','user'),(4,'message','auth','message'),(5,'content type','contenttypes','contenttype'),(6,'session','sessions','session'),(7,'site','sites','site'),(8,'log entry','admin','logentry'),(9,'state','directory','state'),(10,'city','directory','city'),(11,'club','directory','club'),(12,'flat page','flatpages','flatpage'),(15,'page','linkator','page'),(16,'tradelink','linkator','tradelink'),(17,'photo','directory','photo'),(18,'migration history','south','migrationhistory');
/*!40000 ALTER TABLE `django_content_type` ENABLE KEYS */;
UNLOCK TABLES;

--
-- Table structure for table `django_flatpage`
--

DROP TABLE IF EXISTS `django_flatpage`;
CREATE TABLE `django_flatpage` (
  `id` int(11) NOT NULL auto_increment,
  `url` varchar(100) NOT NULL default '',
  `title` varchar(200) NOT NULL default '',
  `content` longtext NOT NULL,
  `enable_comments` tinyint(1) NOT NULL default '0',
  `template_name` varchar(70) NOT NULL default '',
  `registration_required` tinyint(1) NOT NULL default '0',
  PRIMARY KEY  (`id`),
  KEY `django_flatpage_url` (`url`)
) ENGINE=MyISAM AUTO_INCREMENT=14 DEFAULT CHARSET=latin1;

--
-- Dumping data for table `django_flatpage`
--

LOCK TABLES `django_flatpage` WRITE;
/*!40000 ALTER TABLE `django_flatpage` DISABLE KEYS */;
INSERT INTO `django_flatpage` VALUES (1,'/Activities.html','Activities','<p>Swinging activities can include (but are not limited to):</p>\r\n<ul>\r\n<li><b>Exhibitionism</b>: having sex with a partner while being watched.</li>\r\n<li><b>Voyeurism</b>: watching others have sex (perhaps with the above mentioned partner).</li>\r\n<li><b>Soft Swinging</b> or <b>Soft Swap</b>: kissing, stroking, or having oral sex with a third or fourth person. This may be in the form of a threesome or group sex, or partners may literally be swapped.</li>\r\n<li><b>Full Swap</b>: having penetrative sex with someone other than one\'s partner, which is the commonly understood definition of swinging (though not necessarily the most common type).</li>\r\n<li><b>Group Sex</b>: An all inclusive term for activities involving multiple partners in the same vicinity.</li>\r\n</ul>\r\n<p>Typically, swinging activities occur when a married or otherwise committed couple engages with either another couple, multiple couples, or a single individual. These acts can occur in the same room (often called <b>same room</b> swinging) though <b>different</b> or <b>separate room</b> swinging does occur. Sex on these occasions is often referred to as <b>play</b>.</p>\r\n<p>While the vast majority of <b>swingers</b> are heterosexual couples, a major part of <b>Lifestyle</b> activities are bisexual in nature. A large portion of female swingers, while they may or may not identify as bisexual, are interested in female-female sexual contact. Male-male contact is very rare, and usually never allowed in at a Swing Club/Party.',0,'',0),(3,'/History.html','History','<p>Historically, it has not been uncommon to find societies that have advocated having multiple sexual partners. Furthermore both royalty and nobility in many cultures had consorts and concubines. Ancient Rome has been notable (if not infamous) for its enthusiastic acceptance of orgies and alternative sexual practices. However, though contemporary swingers celebrate those ideals, the actual practice of swinging in the 20th century began differently.</p>\r\n<p>According to Terry Gould\'s <i>The Lifestyle: A Look at the Erotic Rites of Swingers</i> (ISBN 1-55209-482-0), swinging began among U.S. Air Force pilots and their wives during World War II. In this small community, the mortality rate among pilots was significantly high. Gould reports that a close bond between pilots arose, with the implication that the husbands would protect and care for all the wives as their own, both emotionally and sexually, if the husbands were away or lost.</p>\r\n<p>This historical narrative is debatable, however, since it would have been highly unusual for servicemen\'s wives to accompany them on any foreign tours of duty. Other sources point to American Air Force pilots stationed in the California desert as the original participants in modern swinging. Though the exact beginnings are not agreed upon, it is widely assumed that swinging began amongst American military communities in the 1950s.</p>\r\n<p>By the time the Korean War ended, these groups had spread from the bases to the nearby suburbs. The media picked up on them in 1957 and promptly dubbed the phenomenon \"wife-swapping.\"</p>\r\n<p>It wasn\'t until the 1960s in Berkeley, California that the first organization, \"Sexual Freedom League\", for swingers was opened. Ultimately, an umbrella organization called the North American Swing Club Association (NASCA) (now NASCA International) was formed to encourage accurate information about swinging lifestyles all across America.</p>',0,'',0),(4,'/Research.html','Research','<p>Some subjective scientific research into swinging has been conducted in the USA since the late 1960s. The most recent study, based on an Internet questionnaire addressed to visitors of lifestyle-related sites, found swingers are happier in their relationships than the norm. </p>\r\n<ul>\r\n<li>60% of swingers said that swinging improved their relationship and only 1.7% said it made their relationship less happy. Half of those who rated their relationship very happy before becoming swingers maintained it had become even happier.</li>\r\n<li>90% of those with less happy relationships said swinging improved them.</li>\r\n<li>Almost 70% of swingers claimed no problem with controlling jealousy, around a quarter admitted \"I have difficulty controlling jealousy when swinging\" to be somewhat true but only 6% said this was \"Yes, Very Much\" true.</li>\r\n<li>Swingers rate themselves happier (59% against 32% very happy) and their lives much more exciting (76% against 54% exciting) than does the rest of the population, by surprisingly large margins.</li>\r\n</ul>\r\n<p>There was no difference between the responses of men and women, although more males (70%) than females completed the survey.</p>\r\n<p>This study, while enlightening, is of limited accuracy of the swinging population as a whole, due to its self-selected sampling technique. Internet-based sampling procedures create a substantial potential for bias. It is likely that those swinging couples who had stronger relationships were more motivated to complete the questionnaire. Alternatively, the stress that swinging may place on a marriage means that only those with higher than average levels of commitment to their partners are able to remain married whilst swinging. Couples that have jealousy or strife issues caused by swinging will not usually stay in the swinging lifestyle and thus would have been unlikely to respond.</p>\r\n<p>ABC News reporter John Stossel produced an investigative report into the lifestyle. Stossel reported that over 4 million people are swingers, according to estimates by the Kinsey Institute and other researchers. He also cited Terry Gould\'s research, in which Gould concluded that \"couples swing in order to <i>not</i> cheat on their partners.\" When Stossel asked swinging couples whether they worry that their spouse will \"find they like someone else better\", one male interviewee replied, \"People in the swinging community swing for a reason. They don\'t swing to go out and find a new wife;\" while a woman interviewee asserted, \"It makes women more confident -- that they are the ones in charge.\" Stossel interviewed 12 marriage counselors about the lifestyle. According to Stossel, \"not one of them said don\'t do it\", though some also said \"getting sexual thrills outside of marriage can threaten a marriage\". Nevertheless, the swingers whom Stossel interviewed claimed that \"their marriages are stronger because they don\'t have affairs and they don\'t lie to each other.\"</p>',0,'',0),(5,'/Organizations.html','Organizations','<p>Certain <b>Lifestyle</b> activities are highly organized. There are over 3,000 swinging clubs worldwide. Most major cities in North America and western Europe have at least one <b>swingers\' club</b> in a permanent location although they often keep a low profile to avoid negative attention. Swingers also meet through lifestyle magazines, personal ads, swinging house parties, and Internet sites.</p>\r\n<p>Clubs can refer to a physical location or building. In this context, clubs are typically divided into \"on-premise\" clubs, where sexual activity may happen then and there at the club, and \"off-premise\" clubs where sexual activity is not allowed at the club, but may be arranged at a near-by location. \"Clubs\" also may refer to the group that organizes the Lifestyle-related events in a particular area.</p>\r\n<p>In the USA, many swinging clubs follow a bar or nightclub format, sometimes renting an entire existing bar for scheduled events, frequently termed a venue <b>takeover</b>. This is normally done to avoid interaction with non-Lifestyle segments of the population, and once again to avoid unwanted negative attention. This often relegates these activities to suburbia on the weekend, where bars in large industrial parks which attract a mainstream clientele during weekdays would otherwise sit empty or closed on weekends when offices shut down. On-premise clubs usually have a similar format. One notable exception to this is that most on-premise clubs do not serve alcohol, asking participants instead to bring their own because of the restrictive laws commonly in place regarding sexual activity and the presence of alcoholic beverages. Concordantly, the vast majority of swinging clubs do not advertise as such due to the strict moral climate in the United States. Another format is the swinger party. Usually in a home where parking may require a shuttle from another location if the home resides within a suburban area. A home that is usually suitable may have a hot tub, a pool, several bedrooms, and an assortment of sex furniture such as a sex swing, a stripper pole, a dance floor, or a BDSM dungeon. Within the party atmosphere condoms, lube and breath mints may be readily available throughout the house. Sometimes the host may hold events such as a striptease or dance contest, a flogging or other BDSM demonstration.</p>\r\n<p>In Europe off-premises clubs are rare and the majority of swinging venues allow sexual contact and serve alcohol. There are three standard formats: the bar/nightclub, usually smaller, in city centres and focused around a dance floor; the spa format which has pools, Jacuzzis, saunas and steam rooms and where people strip on entry; and the country club format, which is out-of-town, usually serves a free buffet and may include elements of the first two as well as offering large play spaces.</p>\r\n<p>A large amount of swinging activity is organised via the Internet, where there are countless different sites with personals, listings and local information. To many couples, the swinging lifestyle and the clubs can be as much a social venue as a sexual one. Like many sexual sub-cultures, there can be very much a community atmosphere, and the greater communication allowed by the Internet has fostered this sense.</p>',0,'',0),(6,'/Etiquette.html','Etiquette','<p>The \'prime directive\' in swinging is \"no means no\". This means that rejection of a sexual advance does not require justification and must always be respected. Respect for one\'s play partners is often a hallmark of swinging activity, and violation of this directive can result in immediate expulsion. Concordantly, in the US it is often regarded as impolite to touch without asking, whereas in the UK and Europe both touching and gently but firmly removing a touching hand are widely regarded as polite non-verbal communication in the playroom context.</p>\r\n<p>Many swingers who participate in penetrative sex whilst swinging are strict about condom usage, including insisting on changing condoms between partners. However, some members of the swinging community do engage in unprotected sex, in a practice that is commonly known as barebacking. When unsure, it is considered a polite necessity to establish these ground rules before becoming sexually involved.</p>\r\n<p>Some swingers believe that it\'s possible to spot others in the same way that Gaydar is supposed to work (sometimes referred to as <i>Playdar</i>), while others may rely on more overt signs. Among homosexual communities, a traditional means to identify one another was a single earring in the right ear; however, currently, there is no commonly used method for identifying swingers. Some believe that actions such as a woman being flirtatious while their significant other is present, men who offer their wives to dance or couples entering a bar separately and spending the evening apart are ways to tell if a couple swings. Obviously, these signs, both subtle and overt, are difficult to perceive, and swingers are often averse to identifying themselves in public. The growth of many swinging web sites on the Internet is partly due to this, allowing swingers to communicate and meet without public attention or the risk of offending non-swingers.</p>',0,'',0),(7,'/Bisexuality.html','Bisexuality','<p>Female bisexuality and bicuriousity is common in both the urban and traditional swinging scene and tends to be the norm amongst participants. No studies have been conducted as to what percentage of swinging women who define themselves as bisexual would be open to romantic as well as sexual relations with both genders.</p>\r\n<p>Male bisexuality is less common in the swinging scene. More openly bi men and bisexual couples (male-female couples where both partners are bisexual) are appearing on the scene. Whether this is due to increasing acceptance in the scene or greater numbers of men \"turning bi\" is open to discussion. Depending on the club or social situation male bisexuality among swingers may either be frowned upon, or openly accepted.</p>',0,'',0),(8,'/Dogging.html','Dogging','Dogging is a British term for swinging based in cars that takes place in a public but reasonably secluded area. There are several known dogging spots across the UK where people go after dark, typically to engage in voyeurism and exhibitionism but also to take part in group sex.',0,'',0),(9,'/Hot-Wife.html','Hot Wife. Cuckold','<p>The term <b>hot wife</b> refers to a married woman who has sex with men other than her spouse, with the husband\'s consent. In most cases the husbands take a vicarious pleasure in their wives enjoyment, or enjoy watching, hearing, or knowing about their wives\' adventures. (See: Compersion). Husbands may also take part by engaging in threesomes, or arranging dates for their wives.</p>\r\n<p>A distinct subculture of <strike>hotwiving</strike> hotwifing   is cuckolding. This subculture is generally defined as a subgenre in which emphasis is placed upon the sexual humiliation of role reversal, with the woman free to flaunt her sexuality and show blatent enjoyment, and the husband restricted to a passive or subordinated role, possibly involving erotic sexual denial.</p>',0,'',0),(10,'/Polyamory.html','Polyamory','<p>Polyamory is a term that contrasts with monogamy, for the notion that long term full and intimate relationships need not be sexually or emotionally exclusive. So-called poly lifestyles vary, with some being open relationships and others less so.</p>\r\n<p>There is not necessarily a great degree of overlap between swinging and polyamory communities, as they are different outlooks. In swinging the forming of deeper emotional relationships are not the norm and are considered a rarity.</p>',0,'',0),(11,'/Selective-swinging.html','Selective swinging','<p>Traditionally swinger clubs are accepting of all ages and body types, and the average age of swingers at events tends to be around 45. Younger swingers who wish to swing with their own age group find that this isn\'t always possible in swinging clubs.</p>\r\n<p>Fever Parties began running parties for affluent under 40s in London in the late 1990s. Other party organisers, such as Lounge Parties in London (who select on looks, but not age) and Belle Baise in the Midlands (who select on looks and age) have sprung up in recent years. These organisations try to elevate themselves from historic swinging clubs by hosting their events in upmarket venues, serving Champagne or cocktails and asking their guests to dress in smart evening attire. Entry to these parties is often competitive and photographs are usually required to demonstrate attractiveness.</p>\r\n<p>Due to the success of these events in the UK, they have subsequently spread to Norway, South Africa, Sweden and the USA. This, more than anything else, has given rise to the term <b>The Lifestyle</b> as a way to encompass all swinging activities, due to the fact that younger couples are somewhat averse to the term \"swingers\" because of its traditional connotations.</p>\r\n<p>\'Selective swinging\' events include mostly childless, unmarried young graduates and can have average ages as low as the late 20s, whereas traditional swingers events tend to have average ages in the 40s. Selective parties are often referred to as \"exclusive\" or \"elitist\".  Contravening the usual assumption that such organisations are not associated with groups propagating \"family values\", the Fever parties were revealed in June 2003 to be organised by a senior co-ordinator of a British Conservative Party pressure group, Conservatives for Change, who was older than the maximum age allowed to attend his events.</p>\r\n<p>Another factor contributing to this situation is the continued upsurge in growth of Lifestyle-oriented Internet sites. These sites provide much more accessible gateways into Lifestyle activities for people who are curious about swinging. By offering greater flexibility when searching for potential playmates, it becomes possible to look for playmates that specifically match certain characteristics, including location, looks, wealth, and age. In the United States, it is still uncommon to find parties where stringent age requirements are in affect, and most groups remain non-discriminatory. However, the acceptance of \'elite\' parties continues to be more common, with couples and single females becoming more and more willing to pay an additional premium to spend time with only a select segment of the swinging population.</p>\r\n<p>The critique of selective swinging among traditional swingers is that it is unethical to discriminate. The growing upsurge interest in selective swinging has given rise to a growing rift between the two groups. Couples who identify with traditional swinging may advertise themselves as \"not Ken and Barbie\" as an implicit rejection of what they perceive to be a superficial ideal of youthful physical attractiveness. The proponents of selective swinging claim an entitlement to peer-group options in this as in other leisure pursuits. A large effort among members of the Lifestyle as a whole is being made to unify the two sub-groups, because arguments between the two are seen as divisive and destructive to the community as a whole.</p>',0,'',0),(12,'/Singles.html','Singles','<p>The acceptance of singles at swinging events varies from geographic area to geographic area and event to event. Some swinging \"clubs\" have a policy of allowing only couples and females, but most do allow single men on selected nights. Single females are often admitted at reduced admission price. Parties and private events may differ, however, and are often restricted to couples or couples and single females only.</p>\r\n<p>The reasons for this vary. Most (but certainly not all) of the people who pay to participate in swinger events are male-female couples and most swinging couples are more interested in interacting with other couples or with single women than with single men. Thus, swinger events strive to achieve a balance between male and female participants or have a (usually slightly) larger number of females than males.</p>\r\n<p>A common complaint among swingers is that single men change the tone and nature of event. While outright hostility towards single men is rarely prevalent, an abundance of single males is rarely looked upon favourably in any swinging context. When single males are permitted their numbers are usually limited by high entrance fees or stringent membership requirements.</p>\r\n<p>In the UK, swinging nights which are designed for catering to women who want multiple men are referred to as <i>Greedy Girls\' Nights</i> and they are, to all intents and purposes gang bangs. They are often held in swingers\' clubs (on less busy nights) or take place as private parties. These are attended by both couples and singles, a proportion of which are sometimes prostitutes.</p>\r\n<p>Some swingers oppose the involvement of any singles of either sex in swinging because of the fear that they might split existing couples. While this might be a fear of some new couples, couples who have been part of the \"Lifestyle\" for some time report that the only way a couple can \"split\" is when one of the couple is looking outside the primary relationship. This is not the norm in a swinger relationship .</p>',0,'',0),(13,'/sites.html','Swingers and Adult Dating Sites','',0,'',0);
/*!40000 ALTER TABLE `django_flatpage` ENABLE KEYS */;
UNLOCK TABLES;

--
-- Table structure for table `django_flatpage_sites`
--

DROP TABLE IF EXISTS `django_flatpage_sites`;
CREATE TABLE `django_flatpage_sites` (
  `id` int(11) NOT NULL auto_increment,
  `flatpage_id` int(11) NOT NULL default '0',
  `site_id` int(11) NOT NULL default '0',
  PRIMARY KEY  (`id`),
  UNIQUE KEY `flatpage_id` (`flatpage_id`,`site_id`),
  KEY `site_id_refs_id_4e3eeb57` (`site_id`)
) ENGINE=MyISAM AUTO_INCREMENT=16 DEFAULT CHARSET=latin1;

--
-- Dumping data for table `django_flatpage_sites`
--

LOCK TABLES `django_flatpage_sites` WRITE;
/*!40000 ALTER TABLE `django_flatpage_sites` DISABLE KEYS */;
INSERT INTO `django_flatpage_sites` VALUES (1,1,1),(4,3,1),(5,4,1),(6,5,1),(7,6,1),(8,7,1),(9,8,1),(10,9,1),(11,10,1),(12,11,1),(13,12,1),(15,13,1);
/*!40000 ALTER TABLE `django_flatpage_sites` ENABLE KEYS */;
UNLOCK TABLES;

--
-- Table structure for table `django_session`
--

DROP TABLE IF EXISTS `django_session`;
CREATE TABLE `django_session` (
  `session_key` varchar(40) NOT NULL default '',
  `session_data` longtext NOT NULL,
  `expire_date` datetime NOT NULL default '0000-00-00 00:00:00',
  PRIMARY KEY  (`session_key`)
) ENGINE=MyISAM DEFAULT CHARSET=latin1;

--
-- Dumping data for table `django_session`
--

LOCK TABLES `django_session` WRITE;
/*!40000 ALTER TABLE `django_session` DISABLE KEYS */;
INSERT INTO `django_session` VALUES ('5498ddbb312075add9e5f40949b2f26a','gAJ9cQFVCnRlc3Rjb29raWVxAlUGd29ya2VkcQNzLjQ4NzVjNTgzYzI0ZDBiOGQ0NjNhMDljOWQ2\nZWE3MTU3\n','2009-12-23 08:15:16'),('c5d0bfba1951d97dec07a5706faf4c63','gAJ9cQEoVRJfYXV0aF91c2VyX2JhY2tlbmRxAlUpZGphbmdvLmNvbnRyaWIuYXV0aC5iYWNrZW5k\ncy5Nb2RlbEJhY2tlbmRxA1UNX2F1dGhfdXNlcl9pZHEEigEBdS44ZGU0NDc4NTE0ZWJjOTdiN2Jl\nNzU0ZGY0ZmE1NGNhZA==\n','2009-12-23 08:14:56'),('edb5e663e98ec926b229ae7d7853ce8a','gAJ9cQEoVRJfYXV0aF91c2VyX2JhY2tlbmRxAlUpZGphbmdvLmNvbnRyaWIuYXV0aC5iYWNrZW5k\ncy5Nb2RlbEJhY2tlbmRxA1UNX2F1dGhfdXNlcl9pZHEEigEBdS44ZGU0NDc4NTE0ZWJjOTdiN2Jl\nNzU0ZGY0ZmE1NGNhZA==\n','2010-01-08 07:52:02'),('d3941d4a67007f784ec7544b59b9defa','gAJ9cQEuMjQ5YjcwZDhkOWQ4ZjI4YzFhYzdiMWY1NDAzYjFjYWM=\n','2010-01-26 07:49:33'),('86a1027c1568693226e75df8d764ec78','gAJ9cQEoVRJfYXV0aF91c2VyX2JhY2tlbmRxAlUpZGphbmdvLmNvbnRyaWIuYXV0aC5iYWNrZW5k\ncy5Nb2RlbEJhY2tlbmRxA1UNX2F1dGhfdXNlcl9pZHEEigEBdS44ZGU0NDc4NTE0ZWJjOTdiN2Jl\nNzU0ZGY0ZmE1NGNhZA==\n','2010-01-26 04:47:32'),('d42bdcdf27cfff510875acd66bcddc51','gAJ9cQEoVRJfYXV0aF91c2VyX2JhY2tlbmRxAlUpZGphbmdvLmNvbnRyaWIuYXV0aC5iYWNrZW5k\ncy5Nb2RlbEJhY2tlbmRxA1UNX2F1dGhfdXNlcl9pZHEEigEBdS44ZGU0NDc4NTE0ZWJjOTdiN2Jl\nNzU0ZGY0ZmE1NGNhZA==\n','2010-01-26 07:48:26'),('7686178e97d722635ca9013170594b3b','gAJ9cQEoVRJfYXV0aF91c2VyX2JhY2tlbmRxAlUpZGphbmdvLmNvbnRyaWIuYXV0aC5iYWNrZW5k\ncy5Nb2RlbEJhY2tlbmRxA1UNX2F1dGhfdXNlcl9pZHEEigEBdS44ZGU0NDc4NTE0ZWJjOTdiN2Jl\nNzU0ZGY0ZmE1NGNhZA==\n','2010-01-26 07:49:13'),('4779de1fb0b5e1866632c0b63448ffb6','gAJ9cQFVCnRlc3Rjb29raWVxAlUGd29ya2VkcQNzLjQ4NzVjNTgzYzI0ZDBiOGQ0NjNhMDljOWQ2\nZWE3MTU3\n','2010-01-31 09:55:25'),('a8cf493369f37ad5fd1f895626d7b48a','gAJ9cQFVCnRlc3Rjb29raWVxAlUGd29ya2VkcQNzLjQ4NzVjNTgzYzI0ZDBiOGQ0NjNhMDljOWQ2\nZWE3MTU3\n','2010-01-31 09:55:28'),('e776a0bf4dc310230d9f53c0817b01e5','gAJ9cQFVCnRlc3Rjb29raWVxAlUGd29ya2VkcQNzLjQ4NzVjNTgzYzI0ZDBiOGQ0NjNhMDljOWQ2\nZWE3MTU3\n','2010-01-31 09:55:29'),('c2c650371e1643a5400fa40476470648','gAJ9cQFVCnRlc3Rjb29raWVxAlUGd29ya2VkcQNzLjQ4NzVjNTgzYzI0ZDBiOGQ0NjNhMDljOWQ2\nZWE3MTU3\n','2010-01-31 09:55:29'),('50156c7092baad1dee8727f08d4ae697','gAJ9cQFVCnRlc3Rjb29raWVxAlUGd29ya2VkcQNzLjQ4NzVjNTgzYzI0ZDBiOGQ0NjNhMDljOWQ2\nZWE3MTU3\n','2010-01-31 09:55:29'),('9fc1f85cef5d577360ebeec96d5dbbb2','gAJ9cQFVCnRlc3Rjb29raWVxAlUGd29ya2VkcQNzLjQ4NzVjNTgzYzI0ZDBiOGQ0NjNhMDljOWQ2\nZWE3MTU3\n','2010-01-31 09:55:30'),('92232bbad0ca3c674844e5b35a2d4984','gAJ9cQFVCnRlc3Rjb29raWVxAlUGd29ya2VkcQNzLjQ4NzVjNTgzYzI0ZDBiOGQ0NjNhMDljOWQ2\nZWE3MTU3\n','2010-01-31 09:55:30'),('14d9c90e577aa9a0da0f9856aa55898b','gAJ9cQFVCnRlc3Rjb29raWVxAlUGd29ya2VkcQNzLjQ4NzVjNTgzYzI0ZDBiOGQ0NjNhMDljOWQ2\nZWE3MTU3\n','2010-01-31 09:55:30'),('0d8256b7de6401b056fe832c4478c922','gAJ9cQFVCnRlc3Rjb29raWVxAlUGd29ya2VkcQNzLjQ4NzVjNTgzYzI0ZDBiOGQ0NjNhMDljOWQ2\nZWE3MTU3\n','2010-02-01 05:57:43'),('6d36630077e3280c7a9cd8648fb89d6d','gAJ9cQFVCnRlc3Rjb29raWVxAlUGd29ya2VkcQNzLjQ4NzVjNTgzYzI0ZDBiOGQ0NjNhMDljOWQ2\nZWE3MTU3\n','2010-02-01 05:57:45'),('d6b5b94d3efe44492bcd08f67e7d7100','gAJ9cQFVCnRlc3Rjb29raWVxAlUGd29ya2VkcQNzLjQ4NzVjNTgzYzI0ZDBiOGQ0NjNhMDljOWQ2\nZWE3MTU3\n','2010-02-01 05:57:47'),('1960b7a83309dc7c048ad9cdad825347','gAJ9cQFVCnRlc3Rjb29raWVxAlUGd29ya2VkcQNzLjQ4NzVjNTgzYzI0ZDBiOGQ0NjNhMDljOWQ2\nZWE3MTU3\n','2010-02-01 05:57:49'),('4352f80312905b80480863727ccae699','gAJ9cQFVCnRlc3Rjb29raWVxAlUGd29ya2VkcQNzLjQ4NzVjNTgzYzI0ZDBiOGQ0NjNhMDljOWQ2\nZWE3MTU3\n','2010-02-01 05:57:51'),('5660be76455722f4855941c7b3ea85e2','gAJ9cQEoVRJfYXV0aF91c2VyX2JhY2tlbmRxAlUpZGphbmdvLmNvbnRyaWIuYXV0aC5iYWNrZW5k\ncy5Nb2RlbEJhY2tlbmRxA1UNX2F1dGhfdXNlcl9pZHEEigEBdS44ZGU0NDc4NTE0ZWJjOTdiN2Jl\nNzU0ZGY0ZmE1NGNhZA==\n','2010-02-03 02:18:00'),('ddbfda81335292084f83d6ccf4ff2608','gAJ9cQEoVRJfYXV0aF91c2VyX2JhY2tlbmRxAlUpZGphbmdvLmNvbnRyaWIuYXV0aC5iYWNrZW5k\ncy5Nb2RlbEJhY2tlbmRxA1UNX2F1dGhfdXNlcl9pZHEEigEBdS44ZGU0NDc4NTE0ZWJjOTdiN2Jl\nNzU0ZGY0ZmE1NGNhZA==\n','2010-02-09 22:47:48');
/*!40000 ALTER TABLE `django_session` ENABLE KEYS */;
UNLOCK TABLES;

--
-- Table structure for table `django_site`
--

DROP TABLE IF EXISTS `django_site`;
CREATE TABLE `django_site` (
  `id` int(11) NOT NULL auto_increment,
  `domain` varchar(100) NOT NULL default '',
  `name` varchar(50) NOT NULL default '',
  PRIMARY KEY  (`id`)
) ENGINE=MyISAM AUTO_INCREMENT=2 DEFAULT CHARSET=latin1;

--
-- Dumping data for table `django_site`
--

LOCK TABLES `django_site` WRITE;
/*!40000 ALTER TABLE `django_site` DISABLE KEYS */;
INSERT INTO `django_site` VALUES (1,'allswingersclubs.org','allswingersclubs.org');
/*!40000 ALTER TABLE `django_site` ENABLE KEYS */;
UNLOCK TABLES;

--
-- Table structure for table `linkator_page`
--

DROP TABLE IF EXISTS `linkator_page`;
CREATE TABLE `linkator_page` (
  `id` int(11) NOT NULL auto_increment,
  `path` varchar(100) NOT NULL default '',
  PRIMARY KEY  (`id`)
) ENGINE=MyISAM AUTO_INCREMENT=7 DEFAULT CHARSET=latin1;

--
-- Dumping data for table `linkator_page`
--

LOCK TABLES `linkator_page` WRITE;
/*!40000 ALTER TABLE `linkator_page` DISABLE KEYS */;
INSERT INTO `linkator_page` VALUES (1,'/'),(2,'/sites.html'),(3,'/Bisexuality.html'),(4,'/Dogging.html'),(5,'/fl-clubs.html'),(6,'/ny-clubs.html');
/*!40000 ALTER TABLE `linkator_page` ENABLE KEYS */;
UNLOCK TABLES;

--
-- Table structure for table `linkator_tradelink`
--

DROP TABLE IF EXISTS `linkator_tradelink`;
CREATE TABLE `linkator_tradelink` (
  `id` int(11) NOT NULL auto_increment,
  `url` varchar(200) NOT NULL default '',
  `title` varchar(100) NOT NULL default '',
  `description` text NOT NULL,
  `page_id` int(11) NOT NULL default '0',
  PRIMARY KEY  (`id`),
  KEY `linkator_tradelink_page_id` (`page_id`)
) ENGINE=MyISAM AUTO_INCREMENT=33 DEFAULT CHARSET=latin1;

--
-- Dumping data for table `linkator_tradelink`
--

LOCK TABLES `linkator_tradelink` WRITE;
/*!40000 ALTER TABLE `linkator_tradelink` DISABLE KEYS */;
INSERT INTO `linkator_tradelink` VALUES (1,'http://porncomments.com/','Porn Reviews','',1),(2,'http://www.freeswingersguide.com/','Free Swingers Guide','',1),(3,'http://www.swingingplaces.com/','Favorite Swinging Places Rated by Swingers','',1),(4,'http://www.adult-playrooms.com/index.php','Adult-Playrooms','',1),(5,'http://www.babelogbook.com/','Babe Log Book','',1),(6,'http://www.porncitadel.com/blog/','Porn Blog','',1),(7,'http://www.sexoagora.net/','Sexo','',1),(8,'http://www.latinasbutt.com/','Latina Butt','',1),(9,'http://www.gotgayvideos.com/','Gay Videos','',1),(10,'http://www.premiumpornsearch.com/main/?cmd=1&ss=swingers','Search Swingers','',1),(11,'http://privatescene.com/free-mature-xxx/','Mature Sex','',1),(12,'http://moms-films.com/','moms movies','',1),(14,'http://www.simplylena.com/','Lena Leigh','',1),(15,'http://www.sexgroom.com/','Free Sex Movies','',1),(16,'http://www.belle-brandi-cum.com/','Brandi Belle','',1),(17,'http://allnakednow.com/','naked women','',1),(18,'http://www.cfnm-blog.com/','Cfnm','',1),(19,'http://www.partygirlsinpublic.com/','Party Girls In Public','',1),(21,'http://www.pornpaysites.net/','Porn reviews','Porn pay sites directory . Previews, prices , free simple galleries, Pay sites links only, no free porn',2),(22,'http://ylovesporn.com/','Free Porn Videos','Free Adult XXX Porn Links, Porn Sites & Porn Movies @ yLovesPorn.com',2),(23,'http://www.hispanicdating.co.uk/','Hispanic Dating','',2),(24,'http://www.femalethongmodel.com/','Female Thong Models','Sexy Girls In Thongs',2),(25,'http://www.sin20.com/lifestyle','Swingers club sex news','SiN2.0 | Sex Information Network',2),(26,'http://www.freeswingersguide.com/','Free Swingers Guide','Free Swingers Guide hedonism pictures stories partys swinger clubs',2),(27,'http://www.porncitadel.com/','Porn','reviews of bisexuals adult sites, DVDs, free bisexuals adult movies.',3),(28,'http://www.happyreviews.com/bisexual.html','Free BiSexual Porn Videos','Happy Reviews Free Bi-Sexual Porn',3),(29,'http://www.linkdump.tv/','Porn','Free Porn Free Porn Videos Porn Star Porn Pics Teen Porn',4),(30,'http://publicsexsite.com/','Public Sex','Public Sex Site  Fucking in Public is Fun!',4),(31,'http://www.freeswingersguide.com/floridaswingers.html','Florida Free Swingers Guide','',5),(32,'http://www.freeswingersguide.com/newyorkswingers.html','New York Free Swingers Guide','',6);
/*!40000 ALTER TABLE `linkator_tradelink` ENABLE KEYS */;
UNLOCK TABLES;

--
-- Table structure for table `south_migrationhistory`
--

DROP TABLE IF EXISTS `south_migrationhistory`;
CREATE TABLE `south_migrationhistory` (
  `id` int(11) NOT NULL auto_increment,
  `app_name` varchar(255) NOT NULL default '',
  `migration` varchar(255) NOT NULL default '',
  `applied` datetime default NULL,
  PRIMARY KEY  (`id`)
) ENGINE=MyISAM AUTO_INCREMENT=5 DEFAULT CHARSET=utf8;

--
-- Dumping data for table `south_migrationhistory`
--

LOCK TABLES `south_migrationhistory` WRITE;
/*!40000 ALTER TABLE `south_migrationhistory` DISABLE KEYS */;
INSERT INTO `south_migrationhistory` VALUES (1,'directory','0001_initial','2010-01-21 16:06:59'),(2,'linkator','0001_initial','2010-01-21 16:07:11'),(3,'directory','0002_extend_club_with_closed_field','2010-01-21 16:08:49'),(4,'directory','0003_rename_club_field_from_closed_to_is_closed','2010-01-22 05:58:50');
/*!40000 ALTER TABLE `south_migrationhistory` ENABLE KEYS */;
UNLOCK TABLES;

/*!40101 SET SQL_MODE=@OLD_SQL_MODE */;
/*!40014 SET FOREIGN_KEY_CHECKS=@OLD_FOREIGN_KEY_CHECKS */;
/*!40014 SET UNIQUE_CHECKS=@OLD_UNIQUE_CHECKS */;
/*!40101 SET CHARACTER_SET_CLIENT=@OLD_CHARACTER_SET_CLIENT */;
/*!40101 SET CHARACTER_SET_RESULTS=@OLD_CHARACTER_SET_RESULTS */;
/*!40101 SET COLLATION_CONNECTION=@OLD_COLLATION_CONNECTION */;
/*!40111 SET SQL_NOTES=@OLD_SQL_NOTES */;

